time,winner,looser
1,213,276
1,124,456
1,425,446
1,393,452
1,185,172
1,36,415
1,150,248
1,16,81
1,473,23
1,12,25
1,416,124
1,444,412
1,222,421
1,400,140
1,389,358
1,244,91
1,319,4
1,448,51
1,355,341
1,310,322
1,88,335
1,499,202
1,371,373
1,237,339
2,474,410
2,185,361
2,61,393
2,150,36
2,242,213
2,400,100
2,223,244
2,454,49
2,354,63
2,444,222
2,389,430
2,469,191
2,401,466
2,382,7
2,310,355
3,16,425
3,473,101
3,12,474
3,242,16
3,319,400
3,448,223
4,150,61
4,12,473
4,185,416
4,454,389
4,354,444
4,382,401
4,371,88
4,499,237
4,469,310
5,150,242
5,12,185
5,448,319
5,354,454
5,371,499
5,382,469
5,382,371
6,150,12
6,354,448
7,392,373
7,335,343
7,291,229
7,481,410
7,247,339
7,42,470
7,191,54
7,145,444
7,49,342
7,362,140
7,27,400
7,424,87
7,302,426
8,242,25
8,53,491
8,93,30
8,124,193
8,46,74
8,452,67
8,177,248
8,213,134
8,255,385
8,244,382
8,180,274
8,421,7
8,38,322
8,185,91
8,389,210
8,214,145
8,49,302
9,392,452
9,124,242
9,481,247
9,42,53
9,46,177
9,213,191
9,291,255
9,93,335
9,287,412
9,223,361
9,27,424
9,38,161
9,389,180
9,287,223
9,362,421
9,244,185
10,213,124
10,93,291
10,46,481
10,392,42
10,389,27
10,38,287
10,49,362
10,244,214
11,392,46
11,213,93
11,38,49
11,244,389
12,213,392
12,244,38
14,456,58
14,62,267
14,345,88
14,91,150
14,382,207
14,134,357
14,403,180
14,454,294
14,460,373
14,276,470
14,401,100
14,177,280
14,448,7
14,51,28
14,160,342
14,421,446
14,339,361
14,16,310
14,25,191
14,385,322
14,223,416
14,214,172
14,49,371
14,362,425
14,469,343
14,248,247
14,46,412
14,42,346
14,38,239
14,474,452
14,389,124
14,244,381
15,234,107
15,222,444
15,287,392
15,354,301
15,358,335
15,464,121
15,216,4
15,472,274
15,400,36
15,61,341
15,302,494
15,497,140
15,67,109
15,12,323
15,27,210
15,457,252
15,410,23
15,145,193
15,426,70
15,185,458
15,473,74
15,242,229
15,93,21
15,355,53
15,430,151
15,137,495
15,432,54
15,481,424
15,213,237
15,491,87
15,161,208
15,319,255
16,276,460
16,134,177
16,389,223
16,339,49
16,421,25
16,38,469
16,385,403
16,16,448
16,91,456
16,51,454
16,474,248
16,382,62
16,46,362
16,244,42
16,214,160
16,401,345
17,400,12
17,145,432
17,354,67
17,464,234
17,430,242
17,287,137
17,185,410
17,216,358
17,27,457
17,491,355
17,319,497
17,473,93
17,161,213
17,481,426
17,472,61
17,302,222
18,38,385
18,16,382
18,339,389
18,401,474
18,421,276
18,244,46
18,91,134
18,214,51
19,319,185
19,430,491
19,400,464
19,472,481
19,216,287
19,302,27
19,161,473
19,354,145
20,244,16
20,38,401
20,91,214
20,339,421
21,430,216
21,319,400
21,354,302
21,472,161
22,91,339
22,244,38
23,319,430
23,354,472
24,244,91
24,319,354
26,319,244
28,229,344
28,36,121
28,444,458
28,481,377
28,42,373
28,341,332
28,255,180
28,310,185
28,452,124
28,499,267
28,401,140
29,494,290
29,111,335
29,65,134
29,497,25
29,151,416
29,491,239
29,469,53
29,302,256
29,237,99
29,150,385
29,277,362
29,454,27
29,58,412
29,23,137
29,339,93
29,322,294
30,494,42
30,481,341
30,444,229
30,302,36
30,7,62
30,244,23
30,499,150
30,210,401
30,454,237
31,151,111
31,469,491
31,255,310
31,497,65
31,7,277
31,382,452
31,339,322
31,49,58
32,444,494
32,255,469
32,497,151
32,481,302
32,382,7
32,454,244
32,49,339
32,499,210
33,444,497
33,481,255
33,49,382
33,454,499
34,481,444
34,49,454
42,425,5
43,426,191
43,371,172
43,185,389
43,53,400
43,448,21
43,223,495
43,322,74
43,287,412
43,301,424
43,49,145
43,150,444
44,425,53
44,301,185
44,430,322
44,287,355
44,49,426
44,150,371
44,161,448
44,214,223
45,430,301
45,214,425
45,161,150
45,287,49
46,161,430
46,287,214
47,287,161
48,389,267
48,185,400
48,294,5
48,494,444
48,93,25
48,242,342
48,210,126
48,448,362
48,46,184
48,202,116
48,302,481
48,61,247
49,346,54
49,358,470
49,377,121
49,234,224
49,335,221
49,191,454
49,193,107
49,213,74
49,371,150
49,412,276
49,491,223
49,65,322
49,426,425
49,495,287
49,458,172
49,87,21
49,134,339
50,432,99
50,229,248
50,373,445
50,413,58
50,53,457
50,88,59
50,244,412
50,242,49
50,213,210
50,185,389
50,371,93
50,430,191
50,426,491
50,302,494
50,65,134
50,161,61
50,46,458
50,448,495
50,214,193
50,382,202
50,294,319
50,354,87
51,7,20
51,42,36
51,460,135
51,452,499
51,67,423
51,358,346
51,88,234
51,335,413
51,244,65
51,242,213
51,161,448
51,185,214
51,426,294
51,354,371
51,430,302
51,46,382
52,7,377
52,42,373
52,460,53
52,452,432
52,229,67
52,185,354
52,244,242
52,46,161
52,430,426
53,7,335
53,460,42
53,358,88
53,452,229
53,244,185
53,46,430
54,452,7
54,460,358
54,46,244
55,452,460
56,361,385
56,469,63
56,62,344
57,160,35
57,454,109
57,274,447
57,74,140
57,421,335
58,222,410
58,25,193
58,283,58
58,494,489
58,23,91
58,12,438
58,123,16
58,213,345
58,160,421
58,454,283
58,494,25
58,23,274
58,12,74
59,222,123
59,469,361
59,213,62
59,469,160
60,454,222
60,213,23
60,12,494
60,469,454
61,213,12
62,469,213
65,255,276
65,222,335
65,101,392
65,460,410
65,491,242
65,229,412
65,16,234
65,12,42
65,213,469
65,458,456
66,65,176
66,274,381
66,342,284
66,140,481
66,425,151
66,23,247
66,67,424
66,109,191
66,294,494
66,7,345
66,362,25
66,452,371
66,473,346
66,36,495
66,457,180
66,444,93
66,208,248
67,361,373
67,58,446
67,124,61
67,283,385
67,340,107
67,65,134
67,460,210
67,302,101
67,222,185
67,458,421
67,322,491
67,140,74
67,38,274
67,464,342
67,229,389
67,161,425
68,12,87
68,287,16
68,472,23
68,49,255
68,430,213
68,214,362
68,382,444
68,457,426
68,58,454
68,36,216
68,448,340
68,223,361
68,400,67
68,473,244
68,283,339
68,354,109
69,91,124
69,46,452
69,150,208
69,7,474
69,319,294
69,161,229
69,464,287
69,460,322
69,49,222
69,302,472
69,12,458
70,430,140
70,38,65
70,223,400
70,214,457
70,354,58
70,382,448
70,36,150
70,473,283
70,46,7
71,319,91
71,302,49
71,12,464
71,460,161
71,430,38
72,473,36
72,354,223
72,46,319
72,214,382
72,12,302
73,430,460
73,46,354
74,214,473
75,12,430
75,214,46
76,12,214
79,23,87
79,416,234
79,385,99
79,362,124
79,16,346
79,412,494
79,381,457
79,424,373
79,460,425
79,335,137
79,481,7
79,467,361
80,371,208
80,109,466
80,471,456
80,473,193
80,139,284
80,323,318
80,446,248
80,276,491
80,444,127
80,345,410
80,469,294
80,242,140
80,12,42
80,93,247
80,389,151
80,301,176
80,274,392
80,310,497
80,191,355
80,244,385
80,150,381
80,424,216
80,134,23
81,222,340
81,38,481
81,49,467
81,454,416
81,223,16
81,444,382
81,287,335
81,185,371
81,319,471
81,460,322
81,242,339
81,12,213
81,310,302
81,210,139
81,473,426
81,474,389
81,400,412
81,464,222
81,214,301
81,472,345
81,274,145
81,421,191
81,362,46
81,161,446
82,172,109
82,354,276
82,93,74
82,469,430
82,91,323
82,464,472
82,134,150
82,244,454
82,38,424
82,185,319
82,474,310
82,49,242
83,223,444
83,12,214
83,469,91
83,362,400
83,161,172
83,460,287
83,473,210
83,354,93
84,274,421
84,38,49
84,244,134
84,223,12
84,185,474
84,161,473
85,464,469
85,354,362
85,460,274
85,223,185
86,38,244
86,161,464
86,354,460
87,38,223
88,354,161
89,38,354
91,497,127
91,213,256
91,340,217
91,416,423
91,274,457
91,322,248
91,290,392
91,361,116
91,219,335
91,444,255
91,46,4
91,57,104
91,447,218
91,376,373
91,446,403
91,124,99
91,381,109
91,176,315
92,229,355
92,346,252
92,101,58
92,276,16
92,208,237
92,74,126
92,385,344
92,421,416
92,137,375
92,458,54
92,202,25
92,193,100
92,456,371
92,107,489
92,294,160
92,20,21
92,339,53
92,23,211
92,301,476
93,91,67
93,410,309
93,49,447
93,446,150
93,340,400
93,276,290
93,361,213
93,382,229
93,46,219
93,444,497
93,74,101
93,208,287
93,322,376
93,385,346
93,91,57
93,474,410
93,214,236
93,302,378
93,456,176
93,381,458
94,216,274
94,276,340
94,46,446
94,385,49
94,361,382
94,474,74
94,91,208
94,216,322
94,124,193
94,339,202
94,294,20
94,302,137
95,421,444
95,276,46
95,474,385
95,216,421
95,23,107
95,214,301
95,381,456
95,302,294
96,361,91
96,474,276
96,216,361
96,214,124
96,23,339
96,302,381
97,216,474
97,23,214
97,302,23
98,392,58
98,330,104
98,321,344
98,160,410
98,252,226
98,88,36
98,452,413
98,243,7
98,151,377
99,16,256
99,116,35
99,54,332
99,416,283
99,393,18
99,255,57
99,21,25
99,432,490
99,242,138
99,121,290
99,172,426
99,355,187
99,247,195
99,373,437
99,27,224
99,458,335
99,345,126
99,261,46
100,3,322
100,456,241
100,497,217
100,403,376
100,160,392
100,416,54
100,237,438
100,121,452
100,172,88
101,321,3
101,16,252
101,497,456
101,21,330
101,403,255
101,247,373
101,432,242
101,237,345
101,458,151
101,243,27
101,355,261
102,116,393
102,21,497
102,160,416
102,403,116
102,16,321
102,172,237
102,121,458
102,432,247
102,355,243
103,16,160
103,403,21
103,172,121
103,432,355
104,16,403
104,172,432
112,345,326
112,137,248
112,276,497
113,88,35
113,380,412
113,25,202
113,74,148
113,425,242
113,21,426
113,243,73
113,237,385
113,335,373
113,210,287
113,400,322
113,346,416
113,291,87
113,410,448
113,49,127
114,54,124
114,294,481
114,460,444
114,229,358
114,425,88
114,137,74
114,21,345
114,380,335
114,46,290
114,454,138
114,185,464
114,23,499
114,223,134
114,339,150
114,244,291
115,460,243
115,276,54
115,294,229
115,237,25
115,400,410
115,454,210
115,319,185
115,223,339
115,49,46
115,214,346
115,23,354
116,425,380
116,460,21
116,276,294
116,137,237
116,244,400
116,319,454
116,49,214
116,223,23
117,460,425
117,276,137
117,244,49
117,223,319
118,276,460
118,244,223
119,497,362
119,407,274
119,452,335
119,345,151
119,54,93
119,202,255
120,392,242
120,412,193
120,464,137
120,81,458
120,340,346
120,425,36
120,290,330
120,65,91
120,358,400
120,224,234
120,301,432
120,342,159
120,261,63
120,438,7
120,243,74
120,457,355
120,172,35
120,385,99
120,185,140
120,252,416
120,27,248
120,21,499
120,58,381
120,222,469
120,444,121
120,287,124
121,224,392
121,342,261
121,464,290
121,438,243
121,301,65
121,457,358
121,412,81
121,425,340
121,185,21
121,452,252
121,222,54
121,58,497
121,385,407
121,345,172
121,444,27
121,287,202
122,342,464
122,301,457
122,425,412
122,438,224
122,452,58
122,444,345
122,222,185
122,385,287
123,301,342
123,438,425
123,222,444
123,385,452
124,438,301
124,385,222
124,38,140
124,243,382
124,322,339
124,400,124
124,23,210
124,389,223
124,362,42
124,134,185
124,244,213
124,49,412
125,242,150
125,319,87
125,46,452
125,454,464
125,494,469
125,294,425
125,88,216
125,335,430
125,416,21
125,276,302
125,392,287
125,354,481
125,421,172
125,161,137
125,74,444
125,426,385
125,214,448
125,229,491
125,91,499
125,355,227
125,93,474
125,222,371
126,49,322
126,400,74
126,421,23
126,362,335
126,244,294
126,38,91
126,242,426
126,46,243
127,161,222
127,389,392
127,319,416
127,229,354
127,494,93
127,134,88
127,454,355
127,276,214
128,161,242
128,49,400
128,319,389
128,38,362
128,46,229
128,276,454
128,421,494
128,244,134
129,161,38
129,46,319
129,421,276
129,49,244
130,161,46
130,49,421
131,49,161
133,87,389
133,412,464
133,362,448
133,222,371
133,302,494
133,472,345
133,242,116
133,444,497
133,473,287
133,223,36
133,216,172
133,16,90
133,23,491
133,213,330
134,210,42
134,91,474
134,93,382
134,385,339
134,426,481
134,150,185
134,460,425
134,46,400
134,294,134
134,74,322
134,38,242
134,354,444
134,23,430
134,473,472
136,294,46
136,49,16
136,74,150
136,222,421
136,302,91
136,319,87
136,426,93
136,210,412
136,213,216
136,460,161
136,244,362
136,385,223
136,294,38
136,23,302
136,222,473
136,49,426
136,319,74
136,354,213
136,460,210
136,385,244
137,49,319
137,354,23
137,222,460
137,385,294
138,222,49
138,354,385
139,354,222
139,67,373
139,416,247
139,362,193
139,464,65
139,345,255
139,121,239
139,494,435
139,382,495
140,36,317
140,361,274
140,424,340
140,332,213
140,403,491
140,410,489
140,481,335
140,164,392
140,173,469
140,227,47
141,127,42
141,237,106
141,7,81
141,497,109
141,346,73
141,327,251
141,422,371
142,355,311
142,88,124
142,248,243
142,412,290
142,444,256
142,237,7
142,422,416
142,67,355
142,362,36
142,127,346
142,88,327
142,412,248
142,497,444
142,134,376
142,140,272
142,332,164
142,227,494
142,382,410
142,361,403
142,481,424
142,134,345
142,140,173
142,121,464
143,88,422
143,362,127
143,412,67
143,497,237
143,332,140
143,481,121
143,134,227
143,382,361
144,362,88
144,497,412
144,481,382
144,134,332
145,362,497
145,481,134
146,358,214
146,276,191
146,302,446
146,248,381
146,460,469
146,236,243
146,410,496
146,229,342
146,46,357
146,294,121
146,354,67
146,416,452
146,430,473
146,421,109
147,208,150
147,101,355
147,242,93
147,337,247
147,237,474
147,222,261
147,49,335
147,65,202
147,88,203
147,38,340
147,172,389
147,290,339
147,491,252
147,400,239
147,454,387
147,376,403
147,287,497
147,345,362
147,107,6
147,426,481
147,91,274
147,7,74
147,346,371
147,56,499
147,424,425
147,472,106
147,213,138
147,185,151
148,210,330
148,42,495
148,361,124
148,12,63
148,301,223
148,16,435
148,134,36
148,23,322
148,53,137
148,255,332
148,308,193
148,319,392
148,382,87
148,180,25
148,464,494
148,448,61
148,234,140
148,216,373
148,161,444
148,432,197
148,412,380
148,385,436
149,430,229
149,302,248
149,421,416
149,172,65
149,237,107
149,287,337
149,208,491
149,426,376
149,400,290
149,354,236
149,276,294
149,460,358
149,222,101
149,454,345
149,242,49
150,213,12
150,7,424
150,56,88
150,319,23
150,16,382
150,412,385
150,432,464
150,38,91
150,42,301
150,46,410
150,472,308
150,346,185
150,361,210
150,53,134
150,161,255
151,216,180
151,448,234
151,276,354
151,400,287
151,460,426
151,208,237
151,302,430
151,421,172
151,454,46
151,222,242
152,161,448
152,216,53
152,412,319
152,432,361
152,56,7
152,16,42
152,213,472
152,38,346
153,460,400
153,276,208
153,222,454
153,421,302
154,38,213
154,216,412
154,161,432
154,16,56
155,222,421
155,460,276
157,16,161
157,38,216
158,38,16
158,460,222
159,38,460
161,137,242
161,380,252
161,28,180
161,377,393
161,291,36
161,237,191
162,124,234
162,448,355
162,452,469
162,172,283
162,4,382
162,371,301
162,49,248
162,58,121
162,7,287
163,457,207
163,124,448
163,291,137
163,454,193
163,378,373
163,151,387
163,332,368
163,444,246
163,100,247
163,385,470
163,342,431
163,134,32
163,274,310
163,264,298
163,65,491
163,416,376
163,202,343
163,403,381
163,294,126
164,7,58
164,380,452
164,237,4
164,378,151
164,444,100
164,454,332
164,274,342
164,134,264
164,385,202
164,65,416
164,294,403
165,371,172
165,457,28
165,49,377
165,237,291
165,371,7
165,49,457
165,380,124
165,274,444
165,454,294
165,65,385
165,134,378
166,371,237
166,49,380
166,454,274
167,371,49
167,134,65
167,134,454
168,137,430
168,185,382
168,425,470
168,222,223
168,373,294
168,354,74
168,444,361
168,452,412
168,46,345
168,469,127
168,213,124
168,287,346
169,276,7
169,150,481
169,355,445
169,322,432
169,319,385
169,362,100
169,191,203
169,400,252
169,424,494
169,376,491
169,16,277
169,134,23
169,29,371
169,401,242
169,214,58
169,93,416
170,65,448
170,38,454
170,464,101
170,473,389
170,425,185
170,322,222
170,276,137
170,355,354
170,469,452
170,287,424
170,213,191
170,400,444
171,38,65
171,362,319
171,150,373
171,473,464
171,46,376
171,16,93
171,214,401
171,134,29
172,425,355
172,276,322
172,38,473
172,150,362
172,213,287
172,46,16
172,400,469
172,214,134
173,38,425
173,150,276
173,213,400
173,46,214
174,38,150
174,213,46
174,223,100
174,491,431
174,93,470
174,137,412
174,345,389
174,7,444
174,222,481
174,385,340
174,127,121
174,346,210
174,287,361
174,335,255
175,362,91
175,191,373
175,460,494
175,322,74
175,497,426
175,185,145
175,140,151
175,474,124
175,354,137
176,46,237
176,424,213
176,448,107
176,172,425
176,49,362
176,191,290
176,93,430
176,127,223
176,287,460
176,491,140
176,222,385
176,345,448
176,382,497
176,214,424
176,172,335
176,322,421
176,161,185
176,7,46
176,474,346
177,191,222
177,93,491
177,214,345
177,354,287
177,161,172
177,7,322
177,49,127
177,382,474
178,191,93
178,214,161
178,49,382
178,354,7
179,214,191
179,354,49
180,354,214
182,172,242
182,63,36
182,137,127
182,213,403
182,216,239
182,470,284
182,385,342
182,430,140
182,481,145
182,276,65
182,223,376
182,361,392
182,354,495
182,151,432
182,161,389
182,381,382
182,301,234
182,74,340
182,400,3
182,237,58
182,358,438
182,67,460
182,362,319
182,91,107
182,471,345
182,124,193
182,444,210
182,139,473
182,474,416
182,23,93
182,185,322
182,491,134
183,412,7
183,100,283
183,452,243
183,464,247
183,425,448
183,287,121
183,310,346
183,421,27
183,208,458
183,101,229
183,38,494
183,255,207
183,214,274
183,469,277
183,294,106
183,410,431
183,46,339
183,497,61
183,222,54
183,16,88
183,160,302
183,202,215
183,426,424
183,335,401
183,123,29
183,150,378
183,244,191
183,203,355
183,472,138
183,446,374
183,49,290
183,371,454
184,385,63
184,430,137
184,23,444
184,301,67
184,185,124
184,354,361
184,223,470
184,151,362
184,481,213
184,161,74
184,491,471
184,474,237
184,276,358
184,91,400
184,172,216
184,139,381
185,38,452
185,100,160
185,421,469
185,464,497
185,425,410
185,371,202
185,244,294
185,426,335
185,287,310
185,49,446
185,101,214
185,222,412
185,150,123
185,255,16
185,472,203
185,46,208
186,430,385
186,491,474
186,354,185
186,481,151
186,301,223
186,276,91
186,161,23
186,139,172
187,244,255
187,287,464
187,371,46
187,426,101
187,472,150
187,38,100
187,425,49
187,222,421
189,430,276
189,371,38
189,425,287
189,491,481
189,301,354
189,472,426
189,161,139
189,222,244
190,161,491
190,472,371
190,430,301
190,425,222
192,161,430
192,472,425
194,161,472
196,242,193
196,56,123
196,410,206
196,380,29
196,58,300
196,121,36
196,342,138
196,330,427
196,358,236
196,140,187
196,164,155
196,134,261
196,224,61
197,237,377
197,355,76
197,203,407
197,94,88
197,125,35
197,21,476
197,42,234
197,440,59
197,400,54
197,232,378
197,219,274
197,387,335
197,424,159
197,457,344
197,93,447
197,462,150
197,74,458
197,438,27
198,103,252
198,42,203
198,410,21
198,355,58
198,242,125
198,164,387
198,457,140
198,342,134
198,93,330
199,440,400
199,232,56
199,103,237
199,380,94
199,121,74
199,224,358
199,424,219
199,438,462
200,380,242
200,410,42
200,440,355
200,103,232
200,342,164
200,121,424
200,93,457
200,224,438
201,440,410
201,380,103
201,121,342
201,93,224
202,380,440
202,121,93
203,35,137
203,193,54
203,272,369
203,497,21
203,377,173
203,29,335
203,79,135
203,138,261
203,234,347
203,387,125
204,189,88
204,317,236
204,134,355
204,212,58
204,440,368
204,332,115
204,122,274
204,206,412
204,422,389
204,380,164
204,400,123
204,342,322
204,121,416
204,127,458
204,330,410
204,423,116
204,42,300
204,438,140
204,242,90
204,49,152
204,93,447
205,358,159
205,440,206
205,332,134
205,400,193
205,212,122
205,387,497
205,438,79
205,127,93
205,121,138
206,358,272
206,35,189
206,422,317
206,342,380
206,377,242
206,29,423
206,49,234
206,330,42
207,358,440
207,212,332
207,400,35
207,342,422
207,438,127
207,29,377
207,387,121
207,49,330
208,212,342
208,400,358
208,438,387
208,49,29
209,400,212
209,438,49
210,426,255
210,175,25
210,3,444
210,432,191
210,283,339
210,448,469
210,155,53
211,385,7
211,453,63
211,210,74
211,454,109
211,494,470
211,91,491
211,213,65
211,340,412
211,101,61
211,207,176
211,361,219
211,345,421
211,294,376
211,107,139
211,145,456
211,34,216
212,23,435
212,280,473
212,67,346
212,385,175
212,430,210
212,382,453
212,284,495
212,185,124
212,340,432
212,101,213
212,207,361
213,426,280
213,494,91
213,3,287
213,16,67
213,294,34
213,145,345
213,284,283
213,107,448
214,454,23
214,382,426
214,385,430
214,185,155
214,340,101
214,207,294
214,284,185
215,454,3
215,494,16
215,494,385
215,145,107
215,340,207
215,145,284
216,382,454
216,340,145
217,494,382
217,65,294
217,287,389
217,481,222
217,46,358
217,63,119
217,213,185
217,150,172
217,474,362
217,104,276
217,322,134
217,243,465
218,223,401
218,210,214
218,426,473
218,412,91
218,491,400
218,7,109
218,23,145
218,274,494
218,371,385
218,432,444
218,454,216
218,213,38
218,49,104
219,12,61
219,339,382
219,63,421
219,481,23
219,354,371
219,223,426
219,46,150
219,430,412
219,161,65
219,322,339
219,7,491
219,12,210
219,319,274
220,243,454
220,472,287
220,432,474
220,213,481
220,354,223
220,430,46
220,12,49
220,161,243
221,472,7
221,63,322
221,319,432
221,213,430
221,12,354
222,472,319
222,63,161
222,12,213
222,472,63
223,12,472
224,287,284
224,362,322
224,389,403
224,473,101
224,237,342
224,385,145
224,382,276
224,432,134
224,345,222
224,243,400
225,401,371
225,481,474
225,7,426
225,23,46
225,494,242
225,454,412
225,223,214
225,65,191
225,216,302
225,185,464
225,469,361
225,210,425
225,473,49
226,213,150
226,107,340
226,385,244
226,161,7
226,345,237
226,382,494
226,430,287
226,454,23
226,354,469
226,223,432
226,38,401
226,185,65
226,319,389
226,243,481
226,216,210
226,213,107
227,421,362
227,38,223
227,385,382
227,473,454
227,354,345
227,319,185
227,243,421
228,216,161
228,213,430
228,38,385
228,243,354
228,213,319
229,216,473
229,243,38
229,216,213
230,216,243
230,342,237
230,93,229
231,412,469
231,346,491
231,358,452
231,495,362
231,145,137
231,3,438
231,301,242
231,389,172
231,53,453
231,74,410
231,255,208
231,121,151
232,145,346
232,342,425
232,93,495
232,412,358
233,301,3
233,255,389
233,464,121
233,53,74
234,412,342
234,255,301
234,145,93
234,464,53
235,255,412
235,145,464
236,255,145
238,55,342
238,191,134
238,276,497
238,345,361
238,54,100
238,400,61
238,354,277
238,222,210
238,38,107
238,137,180
238,294,214
238,7,424
238,101,248
238,121,140
238,481,310
238,185,81
238,389,65
238,452,242
238,301,380
238,432,202
238,473,494
238,341,252
238,385,145
238,430,323
238,491,151
238,410,126
238,213,453
238,495,466
238,284,27
239,472,401
239,464,110
239,216,109
239,104,237
239,322,234
239,46,290
239,93,340
239,150,457
239,346,74
239,244,8
239,371,302
239,319,53
239,255,403
239,49,29
239,12,459
239,124,467
239,208,274
239,91,172
239,339,335
239,223,416
239,446,229
239,161,144
239,474,469
239,444,63
239,287,438
239,139,358
239,25,426
240,3,243
240,88,412
240,355,337
240,56,425
240,454,179
240,382,23
240,362,67
240,207,421
240,354,55
240,430,473
240,216,495
241,38,101
241,472,284
241,191,389
241,213,410
241,276,54
241,121,294
241,301,185
241,481,345
241,346,244
241,385,341
241,400,432
241,464,452
241,319,255
241,223,444
241,222,137
241,491,7
241,287,355
241,12,124
241,88,56
241,362,382
241,446,161
241,46,93
241,322,371
241,49,339
241,150,104
241,3,207
241,454,208
242,139,25
242,474,91
242,354,191
242,276,400
242,38,385
242,472,301
242,222,491
242,464,121
243,216,213
243,430,481
243,46,223
243,446,88
243,287,346
243,12,474
243,3,322
243,454,362
243,150,49
244,319,139
244,464,38
244,222,354
244,472,276
245,430,216
245,454,150
245,46,319
245,287,3
246,12,446
246,430,222
247,472,464
247,46,454
248,12,287
249,472,430
249,12,46
250,12,472
252,180,212
252,107,228
252,124,387
252,237,252
252,452,58
252,21,310
252,151,94
252,193,116
252,345,477
252,255,315
252,229,20
252,258,98
252,276,330
252,213,332
252,134,277
252,362,497
253,176,119
253,283,291
253,74,445
253,123,236
253,177,358
253,410,391
253,440,406
253,185,325
253,416,88
253,109,307
253,308,274
253,465,133
253,495,353
253,422,469
253,424,374
253,122,490
253,341,29
253,380,368
253,355,458
253,491,234
253,93,263
253,294,111
253,121,478
253,172,463
253,494,393
253,444,338
253,322,482
253,371,214
254,176,107
254,410,440
254,185,180
254,237,283
254,255,258
254,151,21
254,345,122
254,229,193
254,276,121
254,213,93
254,294,134
255,74,308
255,416,123
255,452,124
255,109,177
255,380,465
255,422,424
255,495,491
255,341,355
256,176,185
256,109,416
256,74,452
256,237,410
256,422,229
256,341,495
256,345,255
256,380,151
256,444,49
256,354,172
256,494,371
256,382,322
256,430,362
256,354,213
256,444,494
256,276,382
256,294,430
257,176,74
257,109,237
257,345,422
257,380,341
257,354,444
257,276,294
258,176,109
258,345,380
258,354,276
259,234,389
259,342,191
259,151,467
259,63,477
259,424,277
259,287,323
259,144,371
259,145,164
259,445,93
259,107,361
259,339,481
259,137,274
259,7,291
259,255,42
259,469,246
259,355,85
259,58,340
259,3,27
260,53,416
260,494,111
260,490,121
260,412,380
260,213,410
260,346,338
260,330,497
260,430,193
260,341,464
260,422,126
260,491,229
260,216,210
260,185,302
260,123,176
260,362,212
260,454,134
260,109,294
260,54,172
260,358,163
260,180,74
260,29,438
260,25,322
260,301,452
260,124,8
260,444,458
260,440,228
261,213,490
261,424,342
261,330,494
261,151,412
261,422,341
261,491,346
261,63,430
261,53,234
261,214,144
261,216,107
261,287,185
261,319,445
261,469,58
261,255,358
261,124,137
261,3,54
261,7,355
262,424,422
262,151,491
262,53,63
262,213,330
262,145,421
262,362,123
262,109,454
262,339,49
262,180,444
262,301,25
262,29,440
263,424,151
263,213,53
263,214,216
263,301,180
263,469,29
263,7,3
263,255,124
264,213,424
264,287,145
264,319,362
264,339,109
264,319,287
264,339,214
264,301,469
264,255,7
265,319,339
265,301,255
265,172,340
265,481,444
265,91,473
265,342,65
265,382,389
265,134,210
265,380,495
265,421,491
265,425,465
266,88,8
266,207,100
266,212,106
266,228,402
266,291,60
266,277,42
266,452,387
266,490,322
266,242,104
266,191,454
266,371,229
266,243,362
266,283,400
266,469,101
266,185,474
266,276,294
266,237,7
266,16,424
266,345,145
266,361,214
266,287,412
266,302,341
266,213,339
266,63,497
266,244,172
266,382,91
267,355,330
267,335,234
267,137,458
267,25,124
267,58,10
267,274,153
267,310,2
267,161,425
267,243,185
267,380,191
267,421,469
267,371,361
267,276,345
267,430,302
267,481,283
267,213,287
267,38,134
267,49,342
267,464,63
267,237,46
267,354,16
268,242,291
268,490,277
268,207,274
268,228,137
268,452,310
268,355,212
268,88,58
268,335,25
268,380,161
268,430,243
268,38,213
268,382,49
268,276,237
268,371,464
268,481,354
268,244,421
269,490,207
269,88,228
269,355,242
269,452,335
269,38,276
269,382,380
269,244,481
269,371,430
270,88,490
270,452,355
270,382,38
270,371,244
271,452,88
271,382,371
271,46,185
271,494,361
271,412,467
271,49,454
271,172,150
271,322,354
271,210,341
271,213,302
272,294,91
272,319,340
272,469,466
272,161,345
272,283,243
272,362,53
272,473,425
272,346,438
272,481,134
272,430,400
272,7,342
272,421,255
272,214,491
272,444,464
273,65,16
273,287,276
273,216,301
273,339,237
273,12,389
273,474,101
273,49,481
273,412,322
273,7,161
273,430,469
273,46,473
274,38,362
274,210,382
274,244,294
274,213,339
274,319,346
274,474,283
274,172,214
274,371,444
274,494,421
275,65,216
275,12,287
275,38,494
275,244,46
275,49,172
275,430,213
276,474,412
276,319,371
276,210,7
276,12,65
277,38,244
277,49,430
277,474,210
277,319,12
278,38,49
278,319,474
279,319,38
280,242,154
280,346,438
280,229,53
280,424,478
280,134,358
280,362,403
280,470,60
280,345,473
280,469,101
281,380,422
281,93,425
281,410,121
281,139,458
281,150,137
281,452,58
281,294,412
281,127,46
281,454,172
281,255,283
281,308,100
281,466,266
281,341,482
281,467,3
281,191,65
281,481,495
281,494,111
281,237,444
281,464,374
282,7,355
282,322,224
282,339,159
282,49,109
282,139,229
282,380,127
282,346,150
282,345,466
282,191,467
282,362,424
282,469,134
283,7,410
283,242,339
283,294,454
283,49,452
283,322,93
283,481,341
283,237,494
283,255,308
283,470,464
284,346,242
284,139,49
284,7,294
284,322,380
284,345,469
284,191,362
284,470,255
284,237,481
285,139,346
285,322,7
285,345,191
285,470,237
286,139,322
286,345,470
287,242,459
287,137,438
287,274,376
287,8,290
287,355,56
287,400,389
287,207,358
287,301,243
288,88,335
288,410,227
288,261,224
288,361,121
288,380,332
288,310,452
288,287,393
288,346,145
288,208,25
288,124,457
288,7,81
288,172,412
288,481,210
288,155,444
288,237,191
288,294,362
288,339,385
289,53,139
289,150,109
289,322,284
289,380,8
289,137,310
289,410,242
289,46,172
289,7,207
289,124,481
289,301,454
290,361,355
290,53,274
290,322,287
290,261,346
290,150,88
290,49,208
290,237,430
290,294,400
290,339,155
291,380,410
291,53,137
291,322,261
291,150,361
291,294,49
291,46,124
291,301,7
291,339,237
292,322,53
292,150,380
292,46,294
292,339,301
293,322,150
293,46,339
295,382,385
295,49,454
295,494,216
296,287,385
296,481,454
296,213,371
297,216,276
297,301,371
297,49,481
298,301,213
298,276,494
298,382,287
299,49,494
299,382,301
300,382,49
300,319,244
300,38,46
301,430,354
301,161,12
302,49,38
302,46,244
303,430,161
303,354,12
304,38,244
304,46,49
305,430,213
305,354,161
306,430,46
306,38,354
307,38,430
370,287,448
370,467,88
370,60,109
370,7,412
370,491,255
370,469,416
371,210,426
371,340,45
371,134,446
371,497,345
371,438,190
371,139,242
371,61,124
371,425,222
371,213,400
371,371,301
371,424,214
371,444,180
371,91,430
371,382,137
371,376,144
371,380,494
371,302,466
371,355,42
371,389,127
371,464,191
371,341,495
372,276,19
372,93,58
372,16,229
372,472,145
372,410,284
372,283,253
372,474,182
372,101,252
372,150,291
372,216,63
372,387,421
372,362,454
372,319,385
372,223,185
372,49,481
372,244,339
372,65,401
372,53,46
372,107,111
372,60,491
372,355,382
372,287,467
372,380,469
373,93,276
373,340,497
373,61,134
373,16,210
373,371,425
373,91,362
373,216,424
373,107,53
373,302,376
373,7,341
373,464,389
374,410,139
374,472,283
374,150,438
374,474,101
374,65,38
374,354,444
374,244,387
374,319,213
374,49,223
374,302,107
374,7,464
374,380,287
374,355,60
375,340,93
375,472,410
375,474,150
375,16,61
375,216,91
375,244,65
375,319,49
375,354,371
375,7,302
375,380,355
376,340,474
376,472,16
376,216,244
376,354,319
376,7,380
377,472,340
377,354,216
378,339,223
378,444,362
378,454,400
378,46,210
378,91,389
378,213,151
378,481,25
378,214,464
378,229,416
378,101,403
378,470,438
378,345,121
378,255,243
378,242,495
378,237,424
378,355,422
379,385,106
379,374,421
379,460,274
379,342,425
379,150,180
379,382,185
379,38,339
379,161,444
379,45,63
379,191,53
379,75,134
379,93,452
379,491,124
379,302,469
379,287,283
379,380,497
380,454,385
380,214,481
380,91,213
380,382,342
380,460,374
380,46,150
380,237,45
380,75,355
380,101,255
380,302,191
380,491,229
380,380,93
380,470,121
380,287,242
381,481,454
381,382,161
381,91,46
381,38,460
381,491,101
381,470,287
381,302,237
381,380,75
382,481,382
382,38,91
382,491,237
382,380,470
383,38,481
383,380,491
385,29,248
385,7,438
385,150,242
385,495,151
385,276,283
385,494,207
385,319,63
385,213,447
385,88,425
385,232,208
385,253,75
385,472,358
385,474,3
385,497,162
385,244,412
385,139,473
385,284,424
385,38,448
385,491,421
386,134,67
386,121,452
386,385,137
386,176,341
386,481,203
386,191,222
386,46,392
386,172,345
386,354,294
386,371,469
386,216,210
386,377,255
386,454,401
386,380,342
386,464,335
386,291,389
386,322,387
386,444,400
386,107,16
386,101,119
386,145,261
386,302,376
386,301,124
386,362,185
386,410,453
386,430,62
386,45,274
386,49,42
386,374,60
386,161,65
386,91,106
386,53,330
386,93,310
386,100,109
386,243,460
386,214,90
386,180,229
387,339,422
387,470,355
387,223,403
387,416,237
387,426,382
387,432,25
387,446,340
387,287,228
387,213,253
387,150,276
387,319,494
387,244,29
387,491,284
387,7,232
387,371,495
387,474,481
387,38,172
387,191,134
387,139,88
387,380,291
387,464,121
387,385,176
387,472,497
387,216,377
388,46,322
388,454,93
388,302,444
388,107,53
388,354,410
388,45,301
388,214,180
388,287,470
388,49,374
388,223,416
388,432,426
388,339,446
388,161,100
388,145,243
388,362,91
388,430,101
389,38,380
389,191,474
389,464,472
389,244,7
389,385,216
389,371,150
389,139,319
389,213,491
390,214,145
390,339,354
390,432,454
390,223,46
390,161,362
390,287,45
390,302,430
390,49,107
391,244,385
391,213,139
391,191,464
391,38,371
392,161,287
392,223,432
392,302,49
392,339,214
393,213,191
393,38,244
394,161,223
394,302,339
395,213,38
395,302,161
397,213,302
406,240,83
406,494,225
406,482,343
406,388,114
406,176,374
406,353,332
406,380,412
406,358,387
406,385,106
407,159,304
407,212,368
407,341,484
407,464,164
407,495,123
407,440,469
407,254,466
407,467,276
407,108,242
407,452,294
407,444,460
407,237,362
407,454,3
407,121,134
407,243,65
407,7,210
408,255,60
408,430,393
408,494,254
408,176,353
408,240,495
408,464,212
408,93,322
408,358,444
408,108,222
408,46,243
408,380,121
409,467,159
409,440,482
409,255,341
409,430,388
409,385,93
409,244,452
409,7,454
409,49,237
410,440,494
410,255,467
410,176,430
410,240,464
410,380,108
410,385,46
410,49,358
410,7,244
411,255,440
411,240,176
411,380,385
411,49,7
412,255,240
412,49,380
413,425,16
413,287,464
413,191,371
413,302,89
413,460,400
414,412,301
414,65,430
414,294,389
414,339,46
414,237,481
414,276,185
414,380,213
414,223,88
414,382,385
415,65,460
415,354,294
415,302,237
415,276,425
415,380,412
415,382,287
415,161,191
415,223,339
416,380,354
416,65,302
416,276,223
416,161,382
417,380,276
417,161,65
418,161,380
419,287,464
419,237,294
419,410,408
419,243,73
419,301,255
419,444,180
419,302,210
419,342,134
419,452,172
419,16,7
419,191,412
419,322,438
420,358,392
420,470,453
420,176,377
420,426,491
420,385,150
420,223,400
420,277,109
420,425,276
420,494,460
420,362,25
420,499,185
420,432,454
420,481,124
420,65,371
420,380,88
420,49,301
420,16,430
421,60,228
421,274,63
421,497,207
421,467,469
421,203,473
421,495,490
421,62,104
421,382,223
421,322,425
421,494,499
421,243,432
421,244,426
421,481,213
421,362,287
421,46,237
421,38,410
421,380,452
421,354,342
421,302,444
421,191,65
421,385,277
422,119,422
422,116,416
422,459,376
422,489,421
422,283,101
422,110,19
422,495,62
422,470,60
422,497,203
422,467,116
422,358,274
422,38,380
422,244,322
422,243,16
422,494,49
422,382,385
422,46,362
422,191,354
422,302,481
423,119,176
423,489,459
423,283,110
423,467,495
423,382,494
423,243,46
423,244,191
423,38,302
424,470,283
424,489,497
424,119,358
424,470,467
424,382,243
424,244,38
425,119,489
425,382,244
426,470,119
427,452,212
427,58,227
427,35,25
427,94,180
427,93,261
427,134,291
427,127,220
427,63,236
427,345,229
427,469,21
427,403,422
427,153,110
428,277,54
428,145,247
428,438,70
428,445,126
428,294,332
428,210,335
428,242,338
428,392,473
428,421,309
428,101,356
428,377,123
428,274,470
428,60,416
428,430,228
428,119,458
428,497,23
429,213,106
429,108,290
429,452,445
429,145,93
429,134,58
429,222,89
429,358,138
429,345,60
429,63,392
429,469,403
430,108,438
430,242,277
430,210,35
430,213,94
430,127,294
430,119,421
430,358,497
430,222,274
431,210,145
431,127,242
431,213,108
431,452,134
431,377,101
431,430,153
431,63,469
431,222,358
432,127,210
432,213,452
432,430,119
432,377,345
432,63,222
433,213,127
433,430,377
433,430,63
581,454,377
581,410,42
581,116,88
581,90,172
581,7,294
581,330,210
582,481,416
582,355,385
582,203,460
582,389,287
582,108,497
582,387,124
582,121,356
582,276,452
582,145,345
582,223,440
583,121,7
583,389,330
583,116,355
583,90,454
584,223,410
584,276,387
584,145,203
585,481,108
585,276,389
585,223,90
585,121,116
585,145,481
586,223,276
586,121,145
587,121,223
588,63,222
588,255,101
588,65,470
588,61,237
589,191,284
589,340,499
589,382,67
589,53,3
589,45,104
589,472,342
589,438,207
589,153,280
589,139,110
589,362,444
589,376,109
589,473,23
589,276,155
589,287,330
589,42,400
589,377,339
589,355,129
589,232,440
589,448,7
589,161,172
589,145,227
589,126,378
589,416,425
589,54,388
589,240,56
590,119,421
590,191,153
590,63,53
590,139,382
590,410,404
590,497,412
590,355,276
590,54,448
590,287,145
591,65,255
591,438,362
591,472,473
591,45,340
591,61,497
591,416,410
591,126,377
591,161,232
592,376,119
592,438,45
592,376,472
592,65,63
592,42,240
592,355,54
592,287,61
592,161,126
593,139,191
593,438,376
593,65,139
593,42,416
593,287,355
593,161,42
594,65,438
594,161,287
600,7,380
600,294,400
600,342,470
600,237,444
600,385,139
600,93,284
600,23,454
601,481,473
601,301,253
601,16,371
601,45,108
601,287,345
601,377,452
601,223,210
601,499,255
601,410,460
601,124,412
601,340,65
601,283,432
601,191,119
601,362,491
601,63,207
601,134,421
602,438,91
602,237,354
602,93,213
602,340,16
602,63,244
602,222,124
602,283,7
602,287,294
602,499,410
602,472,377
602,385,362
602,223,438
602,319,301
602,481,342
603,23,134
603,382,45
603,191,216
603,223,63
603,287,237
603,222,499
603,340,382
603,23,93
603,319,481
603,191,283
604,385,472
604,287,340
604,319,223
604,23,191
605,222,385
606,23,222
606,319,287
607,23,319
609,460,291
609,389,104
609,155,29
609,214,444
609,294,34
609,354,206
609,134,330
609,244,42
609,228,75
609,127,110
609,227,210
609,400,139
609,229,323
609,223,91
609,255,188
609,203,19
610,60,219
610,276,277
610,247,151
610,67,374
610,481,403
610,45,224
610,376,217
610,124,345
610,380,490
610,340,63
610,362,297
610,253,377
610,65,53
610,145,452
610,319,109
610,371,274
610,302,176
610,88,283
610,287,410
610,16,445
610,58,491
610,137,361
610,350,387
610,222,470
610,395,457
610,416,257
610,213,471
610,93,101
610,119,499
611,216,25
611,472,3
611,207,422
611,191,212
611,208,412
611,23,159
611,301,473
611,382,108
611,56,438
611,432,237
611,153,303
611,421,74
611,440,308
611,385,458
611,342,107
611,456,446
611,454,355
611,7,89
611,284,242
611,214,127
611,276,60
611,223,203
611,255,228
611,155,294
611,389,460
611,244,229
611,362,247
611,65,45
611,340,124
611,376,380
611,253,371
611,134,354
612,227,400
612,319,145
612,67,481
612,191,208
612,350,302
612,385,342
612,16,395
612,454,440
612,213,119
612,301,207
612,88,222
612,93,58
613,421,153
613,216,56
613,472,137
613,23,382
613,432,456
613,284,7
613,287,416
613,276,155
613,362,389
613,319,227
613,214,253
613,65,134
613,223,255
614,376,67
614,244,340
614,385,16
614,301,88
614,287,284
614,472,421
614,350,454
615,23,432
615,93,216
615,213,191
615,65,214
615,362,276
615,376,244
616,319,223
616,472,385
616,350,93
617,392,203
617,416,470
617,29,490
617,330,458
617,172,80
617,389,107
617,23,301
617,287,213
617,65,362
618,452,242
618,109,343
618,61,445
618,228,60
618,277,291
618,440,99
618,134,73
618,137,326
618,319,376
618,472,350
619,172,330
619,228,452
619,389,392
619,61,243
619,29,416
619,440,109
619,345,137
619,277,134
619,23,287
620,61,228
620,29,172
620,277,389
620,440,345
620,319,65
620,23,472
621,61,29
621,440,277
621,319,23
622,440,61
623,339,491
623,380,7
623,16,454
623,425,237
623,63,444
623,330,400
623,255,322
623,53,438
623,287,185
623,56,371
623,228,150
623,481,145
624,460,109
624,412,214
624,377,432
624,42,90
624,172,203
624,223,134
624,362,345
624,243,342
624,139,191
624,210,499
624,302,421
625,23,473
625,228,46
625,287,255
625,161,330
625,53,56
625,481,16
625,380,63
625,354,425
625,430,339
626,210,412
626,243,223
626,460,377
626,302,139
626,362,276
626,222,42
626,172,49
626,23,213
627,354,53
627,287,228
627,362,380
627,161,481
627,302,222
627,23,210
627,430,243
627,460,172
628,161,362
628,302,23
628,460,430
628,354,287
629,161,302
629,354,460
629,438,16
629,339,452
629,70,60
630,161,354
630,107,283
630,255,335
630,380,291
630,93,172
630,7,388
630,176,421
630,491,444
630,382,343
630,53,141
630,412,342
630,322,101
631,438,339
631,430,255
631,380,93
631,491,70
632,176,107
632,322,49
632,412,7
632,382,53
633,176,322
633,380,491
633,430,438
634,382,412
634,380,176
634,430,382
635,430,380
636,23,228
636,403,53
636,208,63
636,7,188
636,369,376
636,385,444
636,287,137
636,161,416
636,389,127
636,392,473
636,134,223
636,42,438
636,425,252
636,447,145
636,139,222
636,362,124
636,356,291
636,140,481
636,61,207
636,232,422
637,244,108
637,342,45
637,330,56
637,116,361
637,49,490
637,412,101
637,350,346
637,283,301
637,339,243
637,16,224
637,472,3
637,430,155
637,185,159
637,432,460
637,489,192
637,302,497
637,491,216
637,440,458
637,203,214
637,93,332
637,119,255
637,172,337
637,355,242
637,70,377
638,176,227
638,322,67
638,354,404
638,452,345
638,54,25
638,437,65
638,91,310
638,380,88
638,213,387
638,35,454
638,410,294
638,191,107
638,121,470
638,29,229
638,150,371
638,421,106
638,276,109
638,210,435
638,382,340
638,237,335
639,430,489
639,356,362
639,7,403
639,392,23
639,49,116
639,232,425
639,350,472
639,16,342
639,61,140
639,412,339
639,432,185
639,385,369
639,287,208
639,161,42
639,134,389
639,447,139
640,322,354
640,244,330
640,91,437
640,213,54
640,382,210
640,119,172
640,29,421
640,440,283
640,191,176
640,70,203
640,410,150
640,491,93
640,35,452
640,276,237
640,302,355
640,121,380
641,430,7
641,432,61
641,356,392
641,161,16
641,134,287
641,232,350
641,447,385
641,49,412
642,491,70
642,191,382
642,213,35
642,121,440
642,410,276
642,244,119
642,29,322
642,91,302
643,432,161
643,447,49
643,356,232
643,430,134
644,244,491
644,410,29
644,213,121
645,91,191
645,356,430
645,432,447
646,244,410
646,213,91
647,432,356
647,213,244
649,432,213
658,223,7
658,416,255
658,385,355
658,232,277
659,237,454
659,210,380
659,65,481
659,301,491
659,139,412
659,191,425
660,287,16
660,322,276
660,23,232
660,385,430
660,416,223
661,191,322
661,382,139
661,287,301
661,237,354
661,65,210
662,385,191
662,23,287
662,65,237
662,382,416
663,23,385
663,382,65
664,382,23
737,210,464
737,237,223
737,385,358
737,362,447
737,124,410
737,191,339
737,444,495
737,342,454
737,29,400
737,119,330
737,232,260
737,7,107
738,60,468
738,467,377
738,416,356
738,380,420
738,382,172
738,185,460
738,227,184
738,389,59
738,213,479
738,301,228
738,449,408
738,93,156
738,302,294
738,139,114
738,497,65
738,354,331
738,470,72
738,430,340
738,136,36
738,499,173
739,191,60
739,237,449
739,497,119
739,213,124
739,362,232
739,382,444
739,416,342
739,29,93
740,227,185
740,380,467
740,136,354
740,210,301
740,7,470
740,430,499
740,302,389
740,385,139
741,227,497
741,382,191
741,416,136
741,380,210
741,385,302
741,237,29
741,213,362
741,430,7
742,382,380
742,385,213
742,227,416
742,237,430
743,382,385
743,237,227
744,382,237
761,358,323
761,389,448
761,91,58
761,56,368
761,422,404
762,210,74
762,134,374
762,330,275
762,208,403
762,284,416
762,342,131
762,228,497
762,322,116
762,172,137
762,25,440
762,346,447
762,392,391
762,203,468
762,42,494
762,62,207
762,175,252
762,54,369
762,400,67
762,376,121
762,345,188
762,155,75
762,140,242
762,247,408
762,36,51
762,63,424
762,340,294
762,473,377
762,350,387
762,90,495
762,291,99
762,145,70
763,93,444
763,4,332
763,410,310
763,139,438
763,330,464
763,430,346
763,322,228
763,301,284
763,7,392
763,161,358
763,287,175
763,339,109
763,356,201
763,452,185
763,499,355
763,91,422
763,276,247
763,350,454
763,354,90
763,472,140
763,460,155
763,376,345
764,227,97
764,280,425
764,134,25
764,222,342
764,62,139
764,208,382
764,210,172
764,42,389
764,319,93
764,410,4
764,432,203
764,287,134
764,213,145
764,356,291
764,340,36
764,339,400
764,63,56
764,499,110
764,38,54
764,302,452
764,244,473
764,376,276
765,191,53
765,223,283
765,88,204
765,253,343
765,65,243
765,232,101
765,237,470
765,214,412
765,362,135
765,119,421
765,319,62
765,430,322
765,42,222
765,161,410
765,7,432
765,301,330
765,208,210
765,460,499
765,38,63
765,213,340
765,302,339
765,472,350
765,91,354
765,356,244
766,38,376
767,23,362
767,88,46
767,385,119
767,232,380
767,214,191
767,253,237
767,223,280
767,65,227
767,7,161
767,319,42
767,208,301
767,287,430
767,302,213
767,472,91
767,460,356
768,223,23
768,385,214
768,65,232
768,253,88
768,208,7
768,287,319
768,38,472
768,302,460
769,223,385
769,253,65
769,253,223
769,287,208
769,38,302
770,107,497
770,473,124
770,134,172
770,275,51
770,319,339
770,145,408
770,422,42
770,116,464
770,472,410
770,342,214
770,432,377
770,392,175
770,25,58
770,210,62
770,444,109
770,191,346
770,460,345
770,185,350
770,121,412
770,237,227
770,12,74
770,358,371
770,155,53
770,93,391
770,244,291
770,161,75
770,88,440
770,380,499
770,382,242
771,46,101
771,176,403
771,387,29
771,287,119
771,253,491
771,302,137
771,356,283
771,213,188
771,208,400
771,340,23
771,495,323
771,430,63
771,243,425
771,470,355
771,65,56
771,67,374
771,294,385
771,7,447
771,139,438
771,454,468
771,404,332
771,232,494
771,301,322
771,223,389
771,354,330
771,36,90
771,91,54
771,362,421
771,424,4
771,452,70
771,38,228
771,376,201
771,99,276
771,203,222
771,140,416
772,460,275
772,253,93
772,358,25
772,382,210
772,185,12
772,88,244
772,107,342
772,472,422
772,121,380
772,302,387
772,191,392
772,237,155
772,116,473
772,432,145
772,161,444
772,319,134
773,376,99
773,301,36
773,287,495
773,46,243
773,354,91
773,362,452
773,38,140
773,7,232
773,208,213
773,454,356
773,223,470
773,65,67
773,203,404
773,294,176
773,430,139
773,340,424
774,460,88
774,382,253
774,185,116
774,302,107
774,472,358
774,319,191
774,161,237
774,432,121
775,301,354
775,430,362
775,340,294
775,454,208
775,65,203
775,287,46
775,38,7
775,376,223
775,109,134
775,131,4
775,389,101
775,155,421
775,53,346
775,54,400
775,416,387
775,63,228
775,210,62
775,291,25
775,67,468
775,42,356
776,185,460
776,319,302
776,472,382
776,161,432
776,51,93
776,495,116
776,107,283
776,345,358
776,275,36
776,252,176
776,444,75
776,201,494
776,368,90
776,440,448
776,188,369
776,438,74
776,131,213
777,340,430
777,65,454
777,301,287
777,38,376
777,63,495
777,345,291
777,51,368
777,109,416
777,440,201
777,42,53
777,276,275
777,438,310
777,339,444
777,210,155
777,464,188
777,107,54
777,91,252
777,96,389
777,12,67
778,319,185
778,472,161
778,345,131
778,276,51
778,438,440
778,63,96
778,91,109
778,42,464
778,210,339
778,12,107
779,301,38
779,65,340
779,91,345
779,210,276
779,63,438
779,12,42
780,319,472
780,65,301
780,210,91
780,63,12
781,210,63
782,319,65
784,400,134
784,464,131
784,376,237
784,91,494
785,276,387
785,438,294
785,139,330
785,432,67
785,188,424
785,109,53
785,362,410
785,388,444
785,376,222
786,400,283
786,46,109
786,438,464
786,139,276
786,388,362
786,91,38
786,432,188
787,438,400
787,139,376
787,432,91
787,46,388
788,432,438
788,46,139
789,432,46
791,223,65
791,302,237
791,214,73
791,322,49
791,385,404
791,23,243
791,291,212
791,377,467
791,25,155
791,422,88
791,437,7
791,121,126
791,145,242
792,340,464
792,410,380
792,191,53
792,339,355
792,216,46
792,109,494
792,277,138
792,137,490
792,294,74
792,458,35
792,29,435
792,134,108
792,389,61
793,23,410
793,223,214
793,340,322
793,244,339
793,385,216
793,430,109
793,302,382
793,354,191
793,151,247
793,70,93
793,437,25
793,121,277
793,145,422
794,244,223
794,340,354
794,23,430
794,302,385
794,291,377
794,294,137
794,70,389
794,151,134
794,29,458
795,244,340
795,302,23
795,437,145
795,29,294
795,121,70
795,151,291
796,244,302
796,437,29
796,151,121
797,437,151
797,243,464
797,237,339
797,93,210
797,191,412
797,400,342
797,139,7
797,232,385
798,380,494
798,358,410
798,460,54
798,216,254
798,340,408
798,109,172
798,223,25
798,88,448
798,134,214
798,294,276
798,277,355
798,322,440
798,438,490
798,16,221
798,302,42
798,376,208
798,287,445
798,101,127
798,228,155
798,74,453
798,90,467
798,403,100
799,354,400
799,46,237
799,358,216
799,139,460
799,277,49
799,340,294
799,382,93
799,223,88
799,134,447
799,232,322
799,243,430
799,287,376
799,432,109
799,438,244
799,302,16
799,191,380
799,392,176
799,489,212
799,63,35
799,240,422
799,203,56
799,416,291
799,497,53
799,119,207
800,232,243
800,340,354
800,382,223
800,358,46
800,287,134
800,139,277
800,302,432
800,438,191
800,61,110
800,356,315
800,284,459
800,63,74
800,101,228
800,416,240
800,61,203
800,403,119
800,90,356
801,232,358
801,287,340
801,302,382
801,438,139
801,392,489
801,284,497
801,90,101
801,416,403
802,302,287
802,232,438
802,61,284
802,63,392
803,302,232
803,61,90
803,416,63
804,416,61
805,392,62
805,330,176
805,253,377
805,422,447
805,242,110
805,101,404
805,389,54
805,322,29
805,499,374
806,497,489
806,119,453
806,203,320
806,100,470
806,236,421
806,494,155
806,416,448
806,151,53
806,94,247
806,369,292
806,210,437
806,466,445
806,412,124
806,137,294
806,277,458
806,339,73
807,207,356
807,495,61
807,242,100
807,392,330
807,136,490
807,499,121
807,243,466
807,7,277
807,94,322
808,119,236
808,416,203
808,494,495
808,253,497
808,137,412
808,210,389
808,136,339
808,237,369
809,151,101
809,207,422
809,253,494
809,119,242
809,137,7
809,499,136
809,243,94
809,210,237
810,151,207
810,416,392
810,151,253
810,119,416
810,137,499
810,210,243
811,119,151
811,210,137
813,232,53
813,255,297
813,410,283
813,88,395
813,356,404
813,466,345
813,107,473
813,208,101
813,377,63
813,376,67
813,444,358
813,29,438
814,346,491
814,416,342
814,221,412
814,207,42
814,91,294
814,322,467
814,489,176
814,494,121
814,62,355
814,93,243
814,277,408
814,464,56
814,400,99
814,134,74
814,422,470
814,350,227
814,236,34
814,421,108
814,388,90
814,387,145
815,7,356
815,46,107
815,221,216
815,430,376
815,23,410
815,222,255
815,322,124
815,214,489
815,432,232
815,38,236
815,382,350
815,460,464
815,237,91
815,161,134
816,244,93
816,400,139
816,340,388
816,302,466
816,287,62
816,354,494
816,380,208
816,422,362
816,319,444
816,385,377
816,16,421
816,387,49
816,207,276
816,12,277
816,191,29
816,223,88
816,213,346
816,416,65
817,221,432
817,38,322
817,430,7
817,23,214
817,382,237
817,400,161
817,460,46
818,244,222
818,385,387
818,340,354
818,416,380
818,319,422
818,287,223
818,302,207
818,191,213
819,12,16
819,38,23
819,430,244
819,382,460
819,319,287
819,400,221
819,385,340
820,416,191
820,12,302
820,38,382
821,430,400
821,385,319
822,12,416
822,38,430
823,12,385
824,38,12
826,494,19
826,445,127
826,458,332
826,330,3
826,336,69
826,468,18
826,56,392
826,109,408
826,29,155
826,444,283
826,93,342
826,16,255
826,107,457
826,126,289
826,308,104
826,63,25
826,237,231
826,388,303
826,362,100
827,377,35
827,116,416
827,497,207
827,138,403
827,277,240
827,320,456
827,435,74
827,397,437
827,21,352
827,284,380
827,101,67
827,376,294
827,119,491
827,228,434
827,400,358
827,387,176
827,421,466
827,191,447
827,34,110
827,302,126
827,362,107
827,244,388
828,21,330
828,445,468
828,336,377
828,116,56
828,458,494
828,309,489
828,139,350
828,29,46
828,284,400
828,308,323
828,191,34
828,101,213
828,228,119
828,237,309
828,139,387
828,444,63
828,93,287
828,38,109
829,497,138
829,320,277
829,435,397
829,421,216
829,376,16
829,362,302
829,237,308
829,191,93
829,228,244
829,139,101
829,29,284
829,421,444
830,497,116
830,320,458
830,445,336
830,435,21
830,38,376
830,228,362
830,191,139
830,29,38
831,497,445
831,320,435
831,237,421
831,228,191
831,237,29
832,320,497
832,237,228
833,176,109
833,437,387
833,376,284
833,101,453
833,67,457
833,444,489
834,257,388
834,403,468
834,104,3
834,228,445
834,334,289
834,320,255
834,283,116
834,191,458
834,309,277
834,129,93
835,228,101
835,376,257
835,437,444
835,176,104
836,320,283
836,191,334
836,403,67
837,129,309
837,228,376
837,191,176
837,320,437
837,403,129
838,191,228
838,403,320
839,403,191
840,151,336
840,412,69
840,221,116
840,464,136
840,46,394
840,385,346
841,294,159
841,210,300
841,227,369
841,88,229
841,358,339
841,54,176
841,287,21
841,237,342
841,499,172
841,232,73
841,121,276
841,7,301
841,223,288
841,127,114
841,410,36
841,244,65
841,382,491
842,208,107
842,227,210
842,221,464
842,88,358
842,412,294
842,354,224
842,322,458
842,214,152
842,460,63
842,223,213
842,38,410
842,244,385
843,287,151
843,237,208
843,121,499
843,54,232
843,354,322
843,382,127
843,161,460
843,430,214
843,7,46
844,227,221
844,88,121
844,287,412
844,237,54
844,38,354
844,430,244
844,161,7
844,382,223
845,287,237
845,88,227
845,38,430
845,382,161
846,88,287
846,38,382
850,214,460
850,49,200
850,438,430
850,244,63
850,191,408
850,222,362
850,29,232
850,237,455
850,38,376
850,497,185
850,421,228
850,432,371
850,410,229
850,400,54
850,46,294
850,342,276
851,382,499
851,210,42
851,385,16
851,301,464
851,223,422
851,319,109
851,340,88
851,161,416
851,494,255
851,287,491
851,339,216
851,354,139
851,322,172
851,380,444
851,23,7
851,65,473
852,38,497
852,400,222
852,432,410
852,191,421
852,244,214
852,237,49
852,29,438
852,46,342
853,301,319
853,382,210
853,385,223
853,339,354
853,161,494
853,65,322
853,340,23
853,287,380
854,244,237
854,46,191
854,29,400
854,38,432
855,287,161
855,382,340
855,339,65
855,301,385
856,29,46
856,38,244
856,339,301
856,382,287
857,38,29
857,382,339
859,382,38
861,139,362
861,400,438
861,276,376
861,244,255
861,7,227
861,16,464
861,65,491
861,432,371
861,340,210
861,385,172
861,499,283
861,416,145
862,294,46
862,408,447
862,356,410
862,216,421
862,134,90
862,342,497
862,237,287
862,232,494
862,302,440
862,444,460
862,214,93
862,322,222
863,38,408
863,354,400
863,139,385
863,430,16
863,499,244
863,340,319
863,302,342
863,237,134
863,382,416
863,276,294
863,7,65
863,322,444
863,356,472
863,432,216
863,232,213
863,214,161
864,139,382
864,340,7
864,276,356
864,38,237
864,432,232
864,354,499
864,322,214
864,430,302
865,276,340
865,354,322
865,139,38
866,432,430
866,354,276
866,432,139
867,432,354
867,29,346
867,74,440
867,356,25
867,108,355
867,210,185
867,16,330
867,464,109
868,362,203
868,119,172
868,320,491
868,69,228
868,103,176
868,412,437
868,472,348
868,421,284
868,392,473
868,134,317
868,145,283
868,416,342
869,445,364
869,444,202
869,221,452
869,345,422
869,389,467
869,207,294
869,195,277
869,369,99
869,29,74
869,356,108
869,127,151
869,276,155
869,139,208
869,116,54
869,387,138
869,412,472
869,421,210
869,16,392
870,221,362
870,345,444
870,389,69
870,464,103
870,134,127
870,116,416
870,276,387
870,139,145
871,320,369
871,412,134
871,421,116
871,139,16
871,464,276
872,195,207
872,445,119
872,221,356
872,320,389
872,29,345
872,445,195
872,139,412
872,464,421
873,221,320
873,29,445
873,29,221
873,139,464
874,70,155
874,93,355
874,7,101
874,255,176
875,232,108
875,134,107
875,438,53
875,12,249
875,488,169
875,362,345
875,491,109
875,88,473
876,376,283
876,311,337
876,377,340
876,435,452
876,12,488
876,255,93
877,7,70
877,362,438
877,377,435
877,232,134
878,88,491
878,311,376
878,255,362
878,232,7
878,311,377
879,88,12
879,88,255
879,232,311
880,232,88
881,29,101
881,228,70
881,319,440
881,91,467
881,54,90
881,444,229
881,206,214
881,380,192
881,339,283
881,244,291
881,455,153
881,437,152
881,382,221
881,176,422
881,237,16
881,412,63
881,23,243
881,389,337
881,119,358
881,216,108
882,67,320
882,345,376
882,460,208
882,435,93
882,172,49
882,432,203
882,107,470
882,497,12
882,34,53
882,287,388
882,134,410
882,88,222
882,213,322
882,46,356
882,447,452
882,155,21
882,74,377
882,210,109
882,494,416
882,340,495
882,227,302
882,277,202
882,145,276
882,472,42
883,330,458
883,65,400
883,191,362
883,121,254
883,403,35
883,253,137
883,385,490
883,430,24
883,232,355
883,38,342
883,464,185
883,294,392
883,223,151
883,255,332
883,7,473
883,252,491
883,139,234
883,301,346
883,354,454
883,421,426
884,497,67
884,412,237
884,210,46
884,88,447
884,460,435
884,172,134
884,91,206
884,29,228
884,23,437
884,216,119
884,339,444
884,472,74
884,382,389
884,380,176
885,301,252
885,340,277
885,227,494
885,430,253
885,191,403
885,213,34
885,255,38
885,232,7
885,155,145
885,421,354
885,385,330
885,287,107
885,139,464
885,65,121
885,223,294
885,432,345
886,455,244
886,54,319
886,497,412
886,339,382
886,380,455
886,23,216
886,472,91
886,88,210
886,460,172
886,29,54
887,421,301
887,232,430
887,213,340
887,227,155
887,385,287
887,432,223
887,191,255
887,139,65
888,497,88
888,339,23
888,29,460
888,380,472
888,338,188
888,285,459
888,3,72
888,229,136
888,298,411
888,467,103
888,108,453
888,240,157
889,232,421
889,139,191
889,385,213
889,432,227
889,110,138
889,135,201
889,374,466
889,75,468
889,308,445
889,100,365
889,284,368
889,62,320
890,497,29
890,339,380
890,229,67
890,454,240
890,422,108
890,222,338
890,151,3
890,277,110
890,135,283
890,107,75
891,232,139
891,385,432
891,294,308
891,452,285
891,491,374
891,62,63
891,284,176
891,101,100
891,470,298
892,339,497
892,232,385
892,371,467
892,452,151
892,222,229
892,294,284
892,422,454
892,277,135
892,62,470
892,491,107
893,101,371
893,222,452
893,422,277
893,491,294
893,101,62
894,232,339
894,222,422
894,491,101
895,222,491
896,7,207
896,93,16
896,46,311
896,216,126
896,134,100
896,63,185
896,470,151
896,453,355
896,277,424
896,145,138
896,454,201
897,387,460
897,237,301
897,340,34
897,276,303
897,23,346
897,380,376
897,214,109
897,302,88
897,444,287
897,491,106
897,119,468
897,227,67
897,191,284
897,210,172
897,358,422
897,322,101
898,7,430
898,93,12
898,46,276
898,216,382
898,294,121
898,63,134
898,453,444
898,454,145
898,470,491
899,387,237
899,23,214
899,302,380
899,340,354
899,191,119
899,358,294
899,277,322
899,210,227
900,46,7
900,93,302
900,387,216
900,23,340
901,46,93
901,387,23
901,191,358
901,470,454
901,453,63
901,210,277
901,191,470
901,210,453
902,387,46
902,191,210
902,440,36
902,412,155
902,16,228
902,224,345
902,109,98
902,356,158
902,346,88
903,416,447
903,53,437
903,410,50
903,253,486
903,93,377
903,340,173
903,244,351
903,214,480
904,23,169
904,412,340
904,410,224
904,16,346
904,430,29
904,380,100
904,400,227
904,12,283
904,145,354
904,322,339
904,376,49
904,191,460
904,432,470
904,210,499
904,223,243
904,139,287
904,371,237
904,151,424
904,382,342
904,46,276
905,356,440
905,416,109
905,23,93
905,214,53
905,244,253
905,322,191
905,145,376
905,400,139
905,380,430
905,151,46
905,223,12
905,382,371
905,210,432
906,416,23
906,223,151
906,145,382
906,322,210
906,380,400
907,412,410
907,214,16
907,244,356
907,412,416
907,214,244
907,223,145
907,322,380
908,214,412
908,322,223
910,382,310
910,216,431
910,101,72
910,91,172
910,302,121
910,62,246
910,151,237
910,320,207
910,338,243
910,7,410
910,421,244
910,213,466
910,432,185
910,42,459
910,3,470
910,380,294
911,495,36
911,356,253
911,287,100
911,191,345
911,354,497
911,454,358
911,277,371
911,385,377
911,376,424
911,473,74
911,257,109
911,499,63
911,387,208
911,67,283
911,38,426
911,214,422
911,139,201
911,227,49
911,346,330
911,276,155
911,232,437
911,53,25
911,340,134
911,389,472
911,455,447
912,355,403
912,29,56
912,255,16
912,362,350
912,145,438
912,339,54
912,301,491
912,93,12
912,444,291
912,430,452
912,400,107
912,176,342
912,416,221
912,88,305
912,460,223
912,453,153
912,210,440
912,412,468
912,70,343
912,23,229
912,203,46
912,365,106
912,322,119
912,382,62
912,287,495
912,380,257
912,432,499
912,387,340
912,277,356
912,302,338
912,42,276
912,320,7
912,67,213
912,151,91
912,354,454
912,191,473
912,216,101
912,421,3
913,301,145
913,232,346
913,29,362
913,339,355
913,400,227
913,376,385
913,412,453
913,255,430
913,38,53
913,214,416
913,322,210
913,139,455
913,444,93
913,88,23
913,203,70
913,365,460
913,389,176
914,432,42
914,354,277
914,382,320
914,387,421
914,380,376
914,191,302
914,151,67
914,216,287
915,214,389
915,301,339
915,444,322
915,29,255
915,365,88
915,139,203
915,232,400
915,38,412
917,191,432
917,382,380
917,38,232
917,354,387
917,301,29
917,151,216
917,214,139
917,444,365
918,354,151
918,382,191
918,214,301
918,38,444
918,342,212
918,221,330
918,58,403
919,378,438
919,236,36
919,126,285
919,224,290
919,355,35
919,486,445
919,311,134
919,346,127
919,116,121
920,38,214
920,354,382
920,497,355
920,58,342
920,91,236
920,311,224
920,116,221
920,378,486
920,346,362
920,481,126
921,378,91
921,481,116
921,311,497
921,346,58
922,38,354
922,378,481
922,346,311
923,378,346
924,317,445
924,392,42
924,229,159
924,35,116
924,221,300
924,362,152
924,107,462
924,497,285
924,457,490
924,70,33
924,289,424
924,291,138
924,303,75
924,422,106
924,417,244
924,413,188
925,202,94
925,54,252
925,195,90
925,91,103
925,206,207
925,451,404
925,389,25
925,99,224
925,132,56
925,342,154
925,68,427
925,121,435
925,53,153
925,145,114
925,334,127
925,242,36
925,136,170
925,58,32
925,466,240
925,277,305
925,388,63
925,254,344
925,336,367
925,412,72
925,232,407
926,317,202
926,99,35
926,229,54
926,362,221
926,330,156
926,290,155
926,458,104
926,403,355
926,369,377
926,134,112
926,289,422
926,277,303
926,242,417
927,91,195
927,206,342
927,132,392
927,451,389
927,488,438
927,68,53
927,457,330
927,497,290
927,291,136
927,412,413
927,388,336
927,466,254
927,232,58
928,362,229
928,132,99
928,206,451
928,91,317
928,121,334
928,107,145
928,134,403
928,70,369
928,488,458
928,497,68
928,134,107
928,70,121
928,488,457
928,277,242
928,291,388
928,466,289
928,232,412
929,362,132
929,206,91
929,70,134
929,497,488
929,277,291
929,232,466
930,362,206
930,497,70
930,232,277
931,229,459
931,392,53
931,59,316
931,35,105
931,118,60
931,236,367
931,289,21
931,94,66
931,108,112
931,106,154
931,438,40
931,457,240
931,493,387
931,188,138
932,252,285
932,389,41
932,152,487
932,42,58
932,224,153
932,212,300
932,336,126
932,17,435
932,378,290
932,490,75
932,68,445
932,104,391
932,99,369
932,491,69
932,91,142
932,403,420
933,242,155
933,488,260
933,59,392
933,224,118
933,378,438
933,108,106
933,68,289
933,94,493
934,152,252
934,229,389
934,336,17
934,236,35
934,212,42
934,488,242
934,403,457
934,99,490
934,91,188
934,491,104
935,224,59
935,236,152
935,488,336
935,108,94
935,491,99
935,378,68
935,91,403
936,229,212
936,236,224
936,488,229
936,378,108
936,91,491
937,488,236
937,91,378
945,276,400
945,255,338
945,221,63
946,371,453
946,491,366
946,134,44
946,294,162
946,362,454
946,257,481
947,444,16
947,421,284
947,91,376
947,255,276
947,210,134
948,221,371
948,491,216
948,362,444
948,287,294
949,380,257
949,91,421
949,210,255
949,287,362
950,221,491
950,91,380
950,210,287
951,91,221
952,91,210
952,29,151
952,121,444
952,412,322
952,356,255
952,16,277
952,88,371
952,385,63
952,108,301
952,191,70
952,358,376
953,100,119
953,275,216
953,421,481
953,222,491
953,139,400
953,340,223
953,145,287
953,237,362
953,339,134
953,387,380
953,416,492
953,454,452
953,210,276
953,412,302
953,244,121
954,91,438
954,12,100
954,23,88
954,275,29
954,385,237
954,416,387
954,382,421
954,16,108
954,354,454
954,222,430
954,145,356
955,139,358
955,91,161
955,340,339
955,191,210
955,382,275
955,416,412
955,23,385
955,139,222
955,354,16
955,145,244
956,191,12
956,340,91
956,382,23
956,354,416
957,145,139
957,340,191
957,354,382
957,145,340
958,145,354
959,232,210
959,438,88
959,244,216
959,322,497
959,470,389
959,29,276
960,287,356
960,362,491
960,376,91
960,371,119
960,214,385
960,65,7
960,301,222
960,161,255
960,342,345
960,380,424
960,139,185
961,237,330
961,191,223
961,340,145
961,481,284
961,46,460
961,23,387
961,134,421
961,214,430
961,301,12
961,380,287
961,244,237
961,319,139
961,438,342
961,322,65
961,38,470
961,23,371
961,29,382
961,46,376
961,232,481
962,302,134
962,191,432
962,340,161
962,354,362
962,214,322
962,38,23
962,232,302
962,244,191
962,354,340
963,438,319
963,29,380
963,46,301
963,38,232
963,214,244
964,438,46
964,354,29
964,38,214
964,438,354
965,38,438
965,227,396
965,208,206
965,330,109
965,155,497
965,1,228
965,42,7
965,356,342
965,284,98
966,294,107
966,54,470
966,93,253
966,121,429
966,345,63
966,151,320
966,460,147
966,452,176
966,277,88
966,430,70
966,255,44
966,499,114
966,210,203
966,129,298
966,134,166
966,389,283
966,491,447
966,165,53
966,172,279
966,280,405
966,416,146
966,223,101
967,185,473
967,155,54
967,227,208
967,294,1
967,412,376
967,255,129
967,389,356
967,210,284
968,277,185
968,452,460
968,430,121
968,93,330
968,345,151
968,42,172
968,412,165
968,223,134
968,491,280
969,93,460
969,345,277
969,430,294
969,416,499
969,42,389
969,255,210
969,416,491
969,223,412
970,155,227
970,430,345
970,93,155
970,42,255
970,223,416
971,430,93
971,223,42
973,236,253
973,206,404
973,119,221
973,161,145
973,208,362
973,302,454
973,421,216
973,7,116
973,91,426
973,134,100
973,380,389
973,203,470
973,346,42
973,214,481
973,320,202
973,369,294
973,139,255
973,232,403
973,99,334
973,23,277
973,283,309
973,430,275
973,460,378
973,278,54
973,287,345
973,191,93
974,156,53
974,382,422
974,497,342
974,210,350
974,330,408
974,319,63
974,491,34
974,276,132
974,444,459
974,354,284
974,385,227
974,412,400
974,447,453
974,46,377
974,29,452
974,155,336
974,16,107
974,365,458
974,38,499
974,392,233
974,437,70
974,121,176
974,376,67
974,432,260
974,340,358
974,185,257
974,88,237
974,223,424
974,101,445
974,244,172
974,355,228
974,438,69
975,109,388
975,339,371
975,416,301
975,387,62
975,291,356
975,12,151
975,302,346
975,119,208
975,191,320
975,287,156
975,430,278
975,319,99
975,161,236
975,210,460
975,23,330
975,91,203
975,382,497
975,380,134
975,369,7
975,232,283
976,421,139
976,155,29
976,416,185
976,223,438
976,432,121
976,339,392
976,385,412
976,46,447
976,365,491
976,38,437
976,291,387
976,244,355
976,340,109
976,214,206
976,376,88
977,12,101
977,444,276
977,354,16
977,161,380
977,302,23
977,232,369
977,430,210
977,214,421
978,287,191
978,119,319
978,382,91
978,12,291
978,385,244
978,46,340
978,365,416
978,432,223
978,354,444
979,376,38
979,339,155
979,430,161
979,119,214
979,382,287
980,232,302
980,46,432
980,365,376
980,354,339
981,385,12
981,119,430
982,382,232
982,365,46
983,385,354
984,119,382
984,365,385
985,365,119
987,108,487
987,387,109
987,437,403
987,7,458
987,93,358
987,122,267
987,342,121
987,294,363
987,88,470
987,221,454
988,460,452
988,389,448
988,168,127
988,107,392
988,291,336
988,290,155
988,322,311
988,68,345
988,62,490
988,371,262
988,207,228
988,234,117
988,277,236
988,362,94
988,330,481
988,242,300
988,203,276
988,206,116
988,497,120
989,63,491
989,437,7
989,387,108
989,93,290
989,460,122
989,68,342
989,294,221
989,371,242
989,362,62
990,322,168
990,63,291
990,46,107
990,287,389
990,330,207
990,88,277
991,322,93
991,437,63
991,387,46
991,460,287
991,497,206
991,362,68
991,203,234
991,330,88
991,371,294
991,203,497
992,322,387
992,437,460
992,330,362
992,371,203
993,437,322
993,330,371
994,416,487
994,29,155
994,358,134
994,223,88
994,255,108
995,362,491
995,339,221
995,277,412
995,438,214
995,380,237
996,371,121
996,322,53
996,432,362
996,244,358
996,223,29
997,380,255
997,385,322
997,277,339
997,46,416
997,438,371
998,385,277
998,432,380
998,244,438
998,223,46
999,385,432
999,223,244
1000,223,385
1001,481,93
1001,346,153
1001,237,207
1001,253,454
1001,340,126
1001,181,134
1001,376,75
1001,188,110
1001,185,89
1001,109,63
1001,91,124
1001,229,227
1001,389,216
1001,460,444
1001,448,106
1001,452,238
1001,136,169
1001,234,62
1001,127,374
1001,155,355
1002,255,453
1002,438,208
1002,100,160
1002,34,330
1002,277,320
1002,497,421
1002,16,151
1002,378,145
1002,23,491
1002,223,67
1002,287,481
1002,191,185
1002,302,253
1002,91,109
1002,358,338
1002,221,367
1002,294,98
1002,345,458
1002,107,487
1002,247,311
1002,94,457
1002,203,291
1002,70,290
1002,362,152
1003,378,229
1003,46,188
1003,380,389
1003,277,497
1003,237,100
1003,438,255
1003,430,16
1003,181,223
1003,340,346
1003,460,339
1003,376,12
1003,23,34
1003,358,294
1003,155,448
1003,234,203
1003,452,127
1003,94,70
1003,345,107
1003,136,221
1003,362,247
1004,191,340
1004,380,237
1004,91,287
1004,460,438
1004,430,378
1004,181,376
1004,302,23
1004,46,277
1004,452,155
1004,94,234
1004,362,136
1004,345,358
1005,460,91
1005,302,181
1005,191,430
1005,380,46
1005,452,94
1005,362,345
1006,302,460
1006,191,380
1006,452,362
1007,302,191
1010,109,253
1010,42,121
1010,362,346
1010,421,470
1010,387,229
1010,255,345
1011,227,491
1011,93,378
1011,276,459
1011,330,181
1011,277,233
1011,216,208
1011,389,320
1011,376,206
1011,185,67
1011,377,334
1011,134,124
1011,221,392
1011,481,192
1011,447,63
1011,400,172
1011,151,460
1011,403,454
1011,412,89
1012,126,494
1012,107,176
1012,101,336
1012,16,395
1012,404,228
1012,207,257
1012,371,254
1012,444,19
1012,430,277
1012,432,276
1012,237,387
1012,88,109
1012,330,287
1012,161,227
1012,322,185
1012,23,255
1012,42,438
1012,339,216
1012,376,236
1013,389,365
1013,244,377
1013,362,380
1013,340,421
1013,119,93
1013,191,400
1013,444,302
1013,207,416
1013,497,221
1013,16,145
1013,354,126
1013,223,447
1013,232,107
1013,139,134
1013,29,481
1014,214,412
1014,151,385
1014,91,101
1014,210,403
1014,160,404
1014,12,371
1014,432,237
1014,430,88
1014,376,42
1014,322,362
1015,389,161
1015,340,330
1015,23,244
1015,119,339
1015,214,210
1015,207,151
1015,223,12
1015,160,354
1015,191,91
1016,444,497
1016,29,139
1016,232,16
1016,322,432
1016,340,430
1016,376,119
1016,23,389
1017,29,232
1017,223,160
1017,214,444
1017,191,207
1017,23,340
1018,322,376
1018,191,223
1019,29,214
1020,23,322
1020,29,191
1021,29,23
1022,444,387
1022,207,481
1022,342,234
1022,448,493
1022,206,210
1022,42,227
1022,253,336
1022,466,491
1022,392,203
1022,94,497
1023,277,35
1023,223,412
1023,7,191
1023,161,358
1023,346,322
1023,237,398
1023,460,380
1023,437,470
1023,155,416
1023,93,458
1023,404,420
1023,454,371
1023,377,151
1023,494,278
1023,228,452
1023,145,56
1023,291,290
1024,302,277
1024,382,444
1024,7,206
1024,339,342
1024,320,430
1024,392,94
1024,253,155
1024,93,466
1025,223,346
1025,385,207
1025,460,448
1025,161,237
1025,494,437
1025,42,454
1025,145,228
1025,377,291
1025,320,404
1026,460,339
1026,7,382
1026,223,302
1026,385,161
1026,93,392
1026,253,42
1026,145,377
1026,320,494
1027,223,460
1027,7,385
1027,253,93
1027,320,145
1028,223,7
1028,253,320
1029,206,338
1029,136,438
1029,36,59
1029,127,186
1029,448,360
1029,54,202
1029,444,358
1029,420,290
1029,481,106
1029,437,458
1029,229,68
1029,56,185
1029,126,367
1029,371,368
1029,138,77
1030,345,122
1030,227,342
1030,35,42
1030,452,228
1030,94,203
1030,365,172
1030,155,346
1030,466,69
1030,494,276
1030,454,493
1030,387,461
1030,491,347
1030,330,103
1030,207,447
1031,223,234
1031,161,378
1031,206,127
1031,448,136
1031,94,444
1031,253,369
1031,481,229
1031,437,138
1031,207,371
1031,387,56
1032,227,36
1032,345,35
1032,365,54
1032,161,155
1032,223,452
1032,454,494
1032,466,491
1032,330,420
1032,253,126
1033,345,448
1033,223,206
1033,161,94
1033,227,365
1033,454,466
1033,387,207
1033,437,253
1033,330,481
1034,223,345
1034,161,227
1034,437,387
1034,454,330
1035,223,161
1035,454,437
1042,371,36
1042,494,70
1042,389,121
1042,330,481
1043,94,369
1043,448,7
1043,452,230
1043,466,229
1043,93,154
1043,345,435
1043,291,108
1043,206,447
1044,371,93
1044,452,448
1044,94,345
1044,91,291
1044,330,494
1044,161,389
1044,466,365
1044,237,206
1045,91,452
1045,371,466
1045,161,330
1045,94,237
1045,223,232
1046,371,91
1046,94,161
1046,354,302
1046,385,432
1047,371,94
1047,29,382
1047,223,354
1048,302,232
1048,29,385
1049,382,432
1049,354,232
1050,302,223
1050,432,29
1051,385,382
1051,302,29
1052,223,385
1053,302,223
1099,385,497
1099,380,388
1099,203,332
1099,444,470
1099,119,7
1099,180,244
1100,136,430
1100,376,188
1100,139,114
1100,213,68
1100,432,390
1100,109,236
1100,63,331
1100,23,29
1100,319,93
1100,378,374
1100,488,276
1100,208,94
1100,499,371
1100,346,387
1100,221,277
1100,151,101
1100,42,340
1100,330,392
1100,16,452
1100,253,404
1100,400,134
1100,88,155
1100,437,206
1100,416,160
1101,203,382
1101,376,385
1101,380,63
1101,38,139
1101,237,242
1101,493,181
1101,358,75
1101,70,491
1101,338,286
1101,59,412
1101,67,176
1101,161,4
1101,336,343
1101,216,100
1101,345,403
1101,210,207
1101,495,424
1101,257,227
1101,389,466
1101,369,291
1102,432,119
1102,23,180
1102,109,136
1102,213,444
1102,221,208
1102,346,70
1102,151,338
1102,358,59
1102,161,378
1102,493,499
1102,319,488
1102,237,67
1102,16,88
1102,210,216
1102,42,330
1102,369,416
1102,389,345
1102,336,257
1102,437,495
1102,253,400
1103,380,376
1103,109,203
1103,38,213
1103,432,23
1103,493,221
1103,161,151
1103,237,358
1103,319,346
1103,16,42
1103,210,336
1103,389,437
1103,253,369
1104,380,109
1104,38,432
1104,161,493
1104,237,319
1104,16,210
1104,389,253
1105,38,380
1105,161,237
1105,16,389
1106,221,390
1106,460,151
1106,336,93
1106,371,255
1106,216,430
1106,227,376
1106,29,322
1106,223,491
1106,244,377
1106,94,180
1106,210,213
1106,191,403
1107,188,228
1107,497,470
1107,345,382
1107,67,358
1107,277,481
1107,101,438
1107,330,388
1107,387,404
1107,206,88
1107,139,412
1107,444,392
1107,378,126
1107,46,160
1107,7,405
1107,287,121
1107,108,315
1107,134,340
1107,380,365
1108,67,345
1108,221,460
1108,101,330
1108,216,277
1108,387,336
1108,371,206
1108,139,227
1108,497,188
1108,223,378
1108,191,244
1108,210,287
1108,302,7
1108,232,94
1108,134,380
1108,29,444
1109,371,67
1109,139,221
1109,497,101
1109,216,387
1109,46,108
1109,223,191
1109,232,134
1109,29,46
1109,210,302
1110,371,497
1110,216,139
1110,232,223
1110,29,210
1111,216,371
1111,29,232
1113,16,168
1113,493,389
1113,430,121
1113,435,362
1113,46,294
1113,145,358
1113,385,274
1113,416,124
1113,342,7
1113,319,320
1113,227,337
1113,277,101
1113,67,481
1113,488,203
1113,452,69
1113,68,155
1113,336,35
1113,340,206
1113,23,451
1113,237,257
1113,464,139
1113,467,242
1113,322,392
1113,232,346
1113,378,330
1113,371,454
1113,447,176
1113,216,213
1113,438,276
1113,38,448
1113,94,291
1113,29,444
1114,93,445
1114,345,390
1114,424,11
1114,236,109
1114,88,244
1114,42,108
1114,287,499
1114,302,70
1114,223,412
1114,460,180
1114,432,100
1114,34,134
1114,255,400
1114,188,119
1114,210,458
1114,387,44
1114,339,59
1114,161,126
1114,380,107
1114,470,404
1114,497,377
1114,221,376
1114,491,151
1114,437,403
1114,160,459
1114,466,253
1114,228,194
1114,382,388
1114,63,275
1114,91,110
1114,208,214
1114,365,421
1115,23,438
1115,145,277
1115,227,416
1115,430,435
1115,29,447
1115,38,68
1115,216,94
1115,340,342
1115,322,371
1115,336,488
1115,464,452
1115,16,46
1115,237,378
1115,232,467
1115,319,67
1115,385,493
1116,460,387
1116,437,223
1116,432,345
1116,91,221
1116,93,302
1116,188,34
1116,382,466
1116,88,236
1116,287,42
1116,339,424
1116,497,470
1116,210,255
1116,491,380
1116,208,63
1116,228,365
1116,161,160
1117,340,336
1117,23,430
1117,232,322
1117,29,227
1117,385,237
1117,216,464
1117,16,319
1117,38,145
1118,93,497
1118,91,437
1118,161,228
1118,287,491
1118,208,188
1118,382,460
1118,432,210
1118,88,339
1119,216,29
1119,232,23
1119,340,385
1119,38,16
1120,91,287
1120,93,161
1120,432,88
1120,208,382
1121,216,232
1121,38,340
1122,91,93
1122,432,208
1123,38,216
1123,91,432
1125,38,91
1134,7,145
1134,287,93
1134,223,438
1134,46,237
1134,389,255
1134,244,311
1134,94,342
1134,346,345
1135,322,466
1135,88,460
1135,277,499
1135,276,369
1135,385,358
1135,203,452
1135,42,491
1135,380,155
1135,223,88
1135,287,276
1135,385,7
1136,46,203
1136,277,380
1136,42,244
1136,389,94
1136,322,346
1137,42,277
1137,385,287
1137,322,389
1137,223,46
1138,385,42
1138,223,322
1138,223,385
1141,232,134
1141,432,210
1141,340,139
1141,161,371
1141,244,145
1142,481,42
1142,322,213
1142,378,29
1142,430,404
1142,438,287
1142,191,499
1142,155,444
1142,237,23
1142,91,460
1142,302,412
1142,382,227
1143,322,432
1143,438,430
1143,237,302
1143,481,232
1143,244,382
1143,460,155
1143,191,340
1143,161,378
1144,322,244
1144,237,438
1144,161,191
1144,460,481
1145,322,161
1145,460,237
1146,322,237
1147,88,404
1147,452,499
1147,437,46
1147,221,227
1147,67,324
1147,253,213
1147,203,458
1147,340,412
1147,389,491
1147,23,362
1147,16,160
1147,93,387
1148,277,430
1148,322,108
1148,151,346
1148,255,371
1148,134,161
1148,210,444
1148,139,376
1148,287,330
1148,244,42
1148,438,214
1148,94,380
1148,377,237
1148,302,88
1148,223,221
1148,392,336
1148,358,448
1148,207,493
1148,464,101
1148,421,128
1148,68,284
1149,29,437
1149,287,244
1149,210,94
1149,340,203
1149,232,255
1149,139,134
1149,277,377
1149,191,389
1149,322,16
1149,438,452
1149,67,23
1149,382,93
1149,432,151
1149,385,253
1149,435,216
1149,63,109
1149,34,242
1149,320,445
1149,466,451
1149,416,459
1149,332,278
1150,139,29
1150,223,287
1150,322,232
1150,191,277
1150,385,340
1150,382,438
1150,432,210
1150,302,67
1150,110,495
1150,390,365
1150,126,489
1150,464,435
1150,207,466
1151,385,139
1151,223,191
1151,322,302
1151,432,382
1151,63,68
1151,392,358
1151,416,126
1151,421,332
1152,223,322
1152,432,385
1152,390,110
1152,320,34
1152,464,392
1152,207,320
1153,432,223
1153,421,390
1153,63,416
1154,421,207
1154,63,464
1155,421,63
1155,330,35
1155,155,236
1155,69,93
1155,59,293
1155,458,192
1155,62,221
1155,416,369
1155,160,451
1155,320,126
1155,470,311
1155,445,337
1156,88,55
1156,452,499
1156,491,294
1156,377,228
1156,134,145
1156,447,90
1156,481,54
1156,224,108
1156,485,309
1156,119,392
1156,435,489
1156,464,132
1156,63,116
1156,493,68
1156,466,253
1156,336,109
1156,276,216
1157,106,127
1157,151,181
1157,59,62
1157,88,458
1157,452,155
1157,430,358
1157,404,286
1157,160,466
1157,320,485
1158,491,377
1158,106,151
1158,134,447
1158,481,69
1158,330,224
1158,119,493
1158,416,435
1158,464,404
1158,336,470
1159,491,106
1159,481,330
1159,134,452
1159,88,59
1159,430,445
1159,63,276
1159,336,416
1160,491,134
1160,481,88
1160,160,63
1160,320,430
1160,119,464
1161,491,481
1161,320,336
1161,119,160
1161,119,320
1164,7,205
1164,276,59
1164,208,297
1164,371,284
1164,109,358
1164,257,445
1164,444,34
1164,493,499
1165,206,70
1165,459,377
1165,100,221
1165,228,438
1165,134,481
1165,253,67
1165,207,435
1165,160,213
1165,277,470
1165,126,404
1165,452,132
1165,362,233
1165,390,491
1165,330,62
1165,236,378
1165,227,488
1165,319,421
1166,203,108
1166,412,42
1166,403,255
1166,376,336
1166,389,320
1166,63,464
1166,16,309
1166,276,497
1166,161,7
1166,228,354
1166,432,206
1166,88,444
1166,387,253
1166,437,160
1166,365,134
1166,207,93
1166,371,302
1166,210,459
1167,100,430
1167,139,257
1167,208,46
1167,216,109
1167,214,493
1167,330,382
1167,244,389
1167,287,227
1167,460,126
1167,380,452
1167,151,362
1167,385,412
1167,223,236
1167,390,191
1167,376,322
1167,416,203
1167,29,277
1168,23,403
1168,119,16
1168,63,340
1168,237,319
1168,276,365
1168,387,228
1168,432,437
1168,88,207
1168,216,371
1168,100,208
1169,161,139
1169,214,210
1169,390,287
1169,385,244
1169,237,63
1169,460,223
1169,151,330
1169,380,23
1170,29,416
1170,119,376
1170,276,387
1170,161,88
1170,432,214
1170,216,100
1170,385,390
1171,29,119
1171,380,151
1171,237,460
1171,161,276
1172,432,216
1172,385,380
1172,29,237
1174,432,161
1174,385,29
1175,432,385
1177,470,377
1177,227,452
1177,59,134
1177,390,291
1177,208,488
1177,255,493
1177,7,330
1177,376,16
1177,378,221
1177,160,336
1177,253,404
1177,362,394
1178,389,466
1178,42,34
1178,67,113
1178,129,228
1178,319,403
1178,68,444
1178,499,109
1178,207,297
1178,491,437
1178,301,277
1178,206,152
1178,132,236
1178,70,126
1178,371,438
1178,412,275
1178,63,410
1178,464,233
1178,101,484
1178,151,124
1178,421,451
1179,91,59
1179,301,119
1179,371,93
1179,389,210
1179,191,255
1179,319,214
1179,470,430
1179,412,365
1179,208,416
1179,68,458
1179,207,354
1179,390,435
1179,499,497
1179,46,227
1180,253,223
1180,42,382
1180,237,132
1180,376,322
1180,491,88
1180,139,464
1180,101,388
1180,380,378
1180,129,287
1180,340,421
1180,67,387
1180,160,385
1180,244,70
1180,362,448
1180,29,63
1180,432,151
1180,206,216
1181,23,7
1181,390,412
1181,46,470
1181,389,42
1181,91,499
1181,68,207
1181,319,301
1181,371,253
1182,191,208
1182,237,376
1182,29,362
1182,206,160
1182,129,23
1182,340,380
1182,139,491
1182,244,101
1183,432,67
1183,91,191
1183,390,68
1183,319,371
1183,432,139
1183,46,389
1184,244,237
1184,340,206
1184,29,129
1184,46,390
1185,319,91
1185,340,29
1186,432,244
1186,319,46
1187,432,340
1188,432,319
1190,52,489
1190,420,331
1190,349,435
1190,274,78
1190,345,171
1190,116,458
1190,206,389
1190,129,221
1190,490,484
1190,59,168
1190,257,470
1190,114,218
1190,93,334
1190,330,250
1190,7,219
1190,16,456
1190,491,104
1190,126,244
1191,152,296
1191,259,392
1191,369,234
1191,22,100
1191,245,403
1191,35,317
1191,320,187
1191,324,397
1191,481,451
1191,160,195
1191,208,376
1191,42,466
1191,101,55
1191,255,459
1191,34,378
1191,46,467
1191,453,136
1191,309,67
1191,362,11
1191,493,421
1191,371,284
1192,52,259
1192,349,152
1192,274,345
1192,22,420
1192,481,116
1192,444,82
1192,216,114
1192,16,362
1192,453,101
1192,93,34
1192,354,490
1192,206,380
1192,340,330
1192,7,493
1192,382,371
1192,46,129
1192,257,491
1192,29,59
1192,208,126
1193,35,245
1193,320,324
1193,369,160
1193,42,444
1193,191,309
1193,255,119
1193,16,382
1193,453,340
1193,46,216
1193,29,257
1193,206,93
1194,349,481
1194,320,22
1194,274,52
1194,369,35
1194,191,42
1194,255,208
1194,7,354
1194,46,29
1194,191,206
1194,7,255
1195,349,320
1195,274,369
1195,16,453
1195,46,7
1195,191,16
1196,274,349
1196,46,191
1204,7,491
1204,387,332
1205,88,369
1205,59,277
1205,377,324
1205,336,447
1205,154,326
1205,237,285
1205,438,291
1205,54,221
1205,265,151
1205,224,145
1205,191,460
1205,380,394
1205,12,311
1205,210,139
1206,155,63
1206,416,464
1206,444,125
1206,345,287
1206,362,255
1206,358,37
1206,276,206
1206,448,392
1206,59,336
1206,154,438
1206,88,377
1206,354,244
1206,365,388
1206,223,214
1206,410,497
1206,432,265
1207,444,448
1207,416,155
1207,362,345
1207,358,276
1207,237,54
1207,29,380
1207,191,210
1207,382,12
1207,387,354
1207,410,385
1207,365,224
1207,223,7
1208,362,444
1208,358,416
1208,88,154
1208,237,59
1208,29,191
1208,382,223
1208,387,410
1208,432,365
1209,358,362
1209,237,88
1209,382,29
1209,432,387
1210,358,237
1210,432,382
1214,191,330
1214,336,88
1214,301,493
1214,23,151
1214,161,491
1214,46,42
1214,481,291
1214,497,160
1214,29,237
1214,139,392
1214,276,387
1214,155,93
1214,7,322
1214,16,382
1214,63,354
1214,362,376
1215,210,59
1215,380,108
1215,438,244
1215,340,145
1215,119,346
1215,385,216
1215,227,437
1215,91,361
1215,208,129
1215,412,221
1215,302,444
1215,12,371
1215,206,421
1215,319,358
1215,365,277
1215,416,339
1216,23,497
1216,63,481
1216,7,336
1216,46,301
1216,16,276
1216,191,155
1216,161,29
1216,139,362
1217,12,91
1217,206,302
1217,340,208
1217,438,119
1217,365,227
1217,380,412
1217,210,385
1217,416,319
1218,191,46
1218,161,139
1218,7,63
1218,16,23
1219,416,210
1219,340,12
1219,438,380
1219,206,365
1220,191,161
1220,7,16
1220,438,206
1220,340,416
1221,191,7
1221,340,438
1223,191,340
1225,210,497
1225,23,151
1225,161,93
1225,276,301
1225,491,447
1225,389,237
1225,362,203
1225,46,90
1225,119,339
1225,139,214
1225,206,216
1225,444,145
1226,16,277
1226,67,227
1226,438,330
1226,101,322
1226,340,387
1226,380,22
1226,7,421
1226,320,68
1226,378,376
1226,336,416
1226,12,365
1226,191,88
1227,438,354
1227,380,101
1227,16,46
1227,382,491
1227,276,223
1227,23,320
1227,139,67
1227,385,7
1227,340,206
1227,12,336
1227,432,378
1227,191,444
1227,210,119
1227,362,302
1227,91,161
1227,29,389
1228,438,380
1228,382,340
1228,12,276
1228,432,23
1228,16,91
1228,385,139
1228,191,362
1228,210,29
1229,382,16
1229,432,12
1229,191,385
1229,210,438
1230,432,382
1230,191,210
1231,432,191
1231,273,345
1231,444,71
1231,435,424
1231,255,155
1232,377,428
1232,392,370
1232,403,485
1232,132,114
1232,302,98
1232,447,482
1232,68,207
1232,236,167
1232,336,492
1232,108,221
1232,488,491
1232,48,421
1232,470,178
1232,354,227
1232,203,149
1232,151,299
1232,287,295
1232,389,143
1232,214,337
1233,59,120
1233,257,369
1233,70,451
1233,404,332
1233,294,15
1233,403,273
1233,444,392
1233,342,378
1233,267,88
1233,121,130
1233,127,390
1233,255,470
1233,488,435
1234,59,236
1234,377,132
1234,257,404
1234,336,294
1234,447,302
1234,68,70
1234,354,342
1234,203,48
1234,287,127
1234,108,267
1234,151,121
1234,214,389
1235,59,444
1235,257,403
1235,447,377
1235,68,336
1235,203,287
1235,354,488
1235,214,255
1235,108,151
1236,257,59
1236,447,68
1236,203,354
1236,214,108
1237,447,257
1237,214,203
1238,88,274
1238,320,435
1238,421,311
1238,160,69
1238,255,191
1238,301,295
1238,208,302
1238,389,466
1238,412,276
1238,438,342
1238,99,132
1238,155,403
1238,452,253
1238,385,70
1238,287,378
1238,139,275
1238,454,52
1238,46,195
1238,119,294
1238,63,136
1239,346,108
1239,16,319
1239,447,100
1239,12,58
1239,493,488
1239,390,156
1239,23,54
1239,244,59
1239,432,448
1239,371,481
1239,337,232
1239,228,387
1239,192,470
1239,198,336
1239,365,312
1239,392,236
1239,444,223
1239,237,495
1239,214,126
1240,354,15
1240,91,445
1240,234,369
1240,322,68
1240,93,109
1240,459,151
1240,380,377
1240,7,291
1240,134,446
1240,42,330
1240,216,207
1240,376,277
1240,404,227
1240,362,35
1240,206,34
1240,145,491
1240,340,464
1240,203,398
1240,497,257
1240,67,74
1240,29,121
1240,161,394
1240,210,417
1240,92,451
1240,382,332
1241,23,346
1241,438,99
1241,389,365
1241,214,192
1241,287,63
1241,301,385
1241,16,454
1241,139,452
1241,208,160
1241,119,412
1241,421,88
1241,155,444
1241,46,12
1241,447,255
1241,390,244
1241,337,320
1242,198,354
1242,340,206
1242,29,203
1242,42,7
1242,237,234
1242,210,92
1242,380,459
1242,228,392
1242,216,134
1242,145,362
1242,493,161
1242,432,371
1242,382,67
1242,376,91
1242,93,322
1243,16,301
1243,119,46
1243,447,390
1243,389,214
1243,139,208
1243,287,155
1243,438,23
1243,421,337
1244,497,404
1244,42,198
1244,432,228
1244,210,376
1244,493,93
1244,145,382
1244,340,497
1244,237,29
1244,216,380
1245,447,389
1245,119,16
1245,139,287
1245,421,438
1246,210,145
1246,237,216
1246,340,42
1246,432,493
1247,447,119
1247,139,421
1248,210,237
1248,432,340
1249,432,210
1249,139,447
1251,432,139
1253,207,245
1253,100,454
1253,470,459
1253,72,495
1253,277,108
1254,53,291
1254,168,359
1254,282,390
1254,253,387
1254,46,67
1254,497,435
1254,7,481
1254,382,31
1254,206,131
1254,380,260
1254,287,388
1254,376,106
1254,237,198
1254,124,441
1254,452,224
1254,385,320
1254,145,209
1254,275,411
1254,491,69
1254,255,212
1254,151,365
1254,160,464
1254,293,126
1254,444,466
1254,62,274
1255,134,101
1255,371,414
1255,277,255
1255,491,72
1255,151,470
1256,237,53
1256,452,287
1256,382,168
1256,282,497
1256,124,253
1256,46,207
1256,376,380
1256,7,206
1256,160,293
1256,385,275
1256,371,134
1256,100,145
1256,444,62
1257,237,46
1257,382,452
1257,7,282
1257,376,124
1257,277,491
1257,160,385
1257,371,100
1257,151,444
1258,7,237
1258,382,376
1258,160,277
1258,371,151
1259,7,382
1259,160,371
1260,390,438
1260,210,206
1260,354,208
1260,12,412
1260,389,136
1260,466,224
1260,234,276
1260,101,203
1260,100,320
1260,454,453
1260,161,448
1260,378,464
1260,134,151
1261,387,497
1261,385,198
1261,46,311
1261,207,93
1261,7,488
1261,237,382
1261,346,302
1261,334,493
1261,191,301
1261,88,376
1261,481,255
1261,284,287
1261,322,275
1261,126,336
1261,62,371
1261,160,244
1262,139,253
1262,354,12
1262,210,7
1262,389,346
1262,385,390
1262,145,277
1262,491,122
1262,88,234
1262,62,134
1262,161,100
1262,454,284
1263,191,334
1263,46,207
1263,139,466
1263,237,387
1263,145,101
1263,481,322
1263,491,378
1264,385,210
1264,46,237
1264,139,354
1264,191,389
1264,160,126
1264,88,454
1264,491,481
1264,161,62
1264,160,145
1265,46,385
1265,191,139
1266,191,46
1266,160,161
1266,491,88
1266,160,491
1266,68,203
1266,369,387
1266,134,389
1266,497,169
1266,431,421
1266,253,59
1266,210,346
1266,255,228
1266,208,336
1266,416,451
1266,227,151
1266,126,493
1266,376,63
1266,101,378
1266,62,277
1267,274,358
1267,291,109
1267,93,207
1267,311,257
1267,448,320
1267,275,470
1267,124,488
1267,72,276
1267,454,481
1267,444,234
1267,206,88
1267,100,67
1267,255,371
1267,302,126
1267,362,416
1268,16,452
1268,256,224
1268,214,136
1268,12,447
1268,161,412
1268,134,369
1268,210,311
1268,160,208
1268,124,287
1268,145,275
1268,448,380
1268,227,232
1268,445,376
1268,62,354
1268,216,101
1268,322,444
1268,244,454
1268,206,385
1268,72,29
1269,256,291
1269,93,274
1269,16,253
1269,12,431
1269,214,68
1269,161,497
1269,100,438
1269,445,124
1269,145,302
1269,244,62
1269,448,255
1269,100,227
1269,160,72
1269,206,362
1269,322,216
1270,134,256
1270,12,210
1270,93,214
1270,161,16
1270,145,445
1270,244,100
1270,322,206
1270,160,448
1271,12,161
1271,134,93
1271,244,160
1271,322,145
1272,134,12
1272,244,322
1274,86,412
1274,371,187
1274,448,72
1274,206,59
1274,191,52
1274,212,275
1274,287,320
1274,134,293
1274,311,467
1274,223,342
1274,365,452
1274,337,208
1274,203,160
1274,88,234
1274,90,447
1274,181,437
1274,63,91
1274,132,188
1274,253,68
1274,255,92
1274,451,497
1274,214,294
1274,42,152
1275,385,177
1275,445,390
1275,93,362
1275,257,336
1275,151,346
1275,167,377
1275,227,431
1275,322,108
1275,471,495
1275,491,109
1275,74,394
1275,232,488
1275,338,209
1275,101,67
1275,139,378
1275,464,46
1275,444,438
1275,432,122
1275,274,403
1275,29,84
1275,16,484
1275,124,125
1275,54,481
1275,470,224
1275,35,332
1275,244,330
1275,161,301
1275,416,283
1275,126,145
1275,380,453
1275,12,44
1275,392,345
1275,435,472
1275,493,421
1275,236,349
1275,62,70
1275,276,376
1276,354,277
1276,340,454
1276,100,278
1276,291,302
1276,448,206
1276,491,227
1276,311,223
1276,274,88
1276,322,471
1276,63,253
1276,134,365
1276,214,255
1276,337,181
1276,371,86
1276,42,90
1276,385,445
1276,191,212
1276,203,132
1277,93,257
1277,444,167
1277,244,54
1277,29,35
1277,493,291
1277,287,451
1277,380,12
1277,62,354
1277,470,464
1277,435,416
1277,232,151
1277,340,100
1277,276,236
1277,126,392
1277,432,338
1277,16,101
1277,161,124
1277,139,74
1278,322,42
1278,311,448
1278,470,203
1278,191,337
1278,274,385
1278,287,214
1278,63,371
1278,134,491
1279,444,232
1279,435,62
1279,16,139
1279,161,126
1279,380,493
1279,93,432
1279,29,244
1279,276,340
1280,63,134
1280,274,322
1280,311,470
1280,191,287
1281,380,276
1281,444,93
1281,161,29
1281,16,435
1282,274,311
1282,191,63
1283,380,444
1283,161,16
1284,191,274
1284,380,161
1286,380,191
1288,448,9
1288,369,378
1288,342,39
1288,31,25
1288,389,423
1288,416,101
1288,311,187
1288,358,68
1288,207,497
1288,33,108
1288,70,495
1289,447,433
1289,234,410
1289,90,195
1289,59,268
1289,331,132
1289,362,392
1289,54,451
1289,349,345
1289,99,109
1289,42,224
1289,69,294
1289,265,155
1289,134,330
1289,13,53
1289,462,91
1289,276,336
1289,46,337
1290,491,152
1290,467,232
1290,412,206
1290,448,369
1290,447,31
1290,342,389
1290,59,331
1290,198,274
1290,358,42
1290,462,69
1290,276,13
1290,416,70
1291,234,491
1291,467,54
1291,362,349
1291,90,412
1291,99,207
1291,311,265
1291,134,198
1291,46,33
1292,234,467
1292,342,90
1292,59,447
1292,362,448
1292,358,311
1292,99,462
1292,134,416
1292,276,46
1293,234,362
1293,342,59
1293,99,358
1293,276,134
1294,342,234
1294,276,99
1294,349,195
1294,412,210
1294,488,445
1295,358,155
1295,126,207
1295,109,398
1295,345,31
1295,232,245
1295,76,176
1295,78,265
1295,346,224
1295,389,394
1295,416,54
1295,108,329
1295,42,39
1295,198,187
1295,491,278
1295,330,392
1296,498,311
1296,234,256
1296,342,379
1296,223,35
1296,412,349
1296,346,109
1296,232,126
1296,59,70
1296,68,467
1296,362,125
1296,134,332
1296,336,303
1296,451,420
1296,154,466
1296,90,116
1296,337,101
1296,22,9
1297,358,78
1297,389,234
1297,488,76
1297,342,498
1297,223,345
1297,59,451
1297,416,198
1297,330,491
1297,42,108
1298,358,232
1298,223,346
1298,488,389
1298,342,412
1298,336,154
1298,337,362
1298,134,90
1298,68,22
1299,342,488
1299,223,358
1299,416,59
1299,42,337
1299,330,336
1299,68,134
1300,342,223
1300,68,330
1300,42,416
1301,42,68
1302,176,74
1302,63,230
1302,464,345
1302,255,287
1302,495,106
1302,193,452
1302,332,277
1302,134,109
1302,356,76
1302,349,155
1302,412,268
1302,151,168
1302,86,278
1303,170,328
1303,93,487
1303,445,414
1303,358,466
1303,398,88
1303,386,187
1303,223,152
1303,312,457
1303,232,53
1303,70,392
1303,54,336
1303,330,228
1304,255,445
1304,464,193
1304,63,386
1304,398,332
1304,31,488
1304,294,59
1304,250,399
1304,116,377
1304,90,235
1304,432,126
1304,276,118
1304,54,412
1304,349,356
1305,358,495
1305,223,170
1305,176,232
1305,312,93
1305,330,70
1305,151,294
1305,31,116
1305,134,90
1305,432,250
1305,276,86
1306,358,223
1306,312,176
1306,63,398
1306,464,255
1306,54,349
1306,330,151
1306,31,276
1306,134,432
1307,63,312
1307,358,464
1307,54,31
1307,134,330
1308,63,358
1308,134,54
1309,16,233
1309,354,62
1309,446,388
1309,161,69
1309,390,52
1309,340,34
1309,495,100
1309,454,404
1309,208,291
1310,216,491
1310,210,380
1310,270,371
1310,110,102
1310,237,145
1310,376,12
1310,275,473
1310,387,287
1310,346,437
1310,207,67
1310,444,421
1310,277,466
1310,23,481
1310,467,274
1310,320,213
1311,319,493
1311,139,206
1311,257,160
1311,16,354
1311,210,446
1311,365,84
1311,275,346
1311,390,340
1311,207,161
1312,29,270
1312,191,216
1312,237,257
1312,382,110
1312,208,495
1312,387,444
1312,365,320
1312,467,454
1313,376,385
1313,139,319
1313,210,382
1313,237,191
1313,23,277
1313,208,207
1313,390,275
1314,29,139
1314,376,16
1314,376,237
1314,467,23
1314,387,365
1314,208,390
1314,387,467
1315,210,29
1315,387,208
1316,210,376
1316,380,63
1316,161,454
1316,160,447
1316,472,336
1316,322,206
1316,354,232
1316,421,213
1316,303,216
1316,93,134
1317,362,396
1317,119,388
1317,371,244
1317,438,473
1317,493,275
1317,416,257
1317,139,67
1317,287,59
1317,444,237
1317,145,365
1317,491,69
1317,16,492
1317,208,319
1317,46,277
1318,12,210
1318,385,421
1318,354,16
1318,139,380
1318,145,287
1318,371,322
1318,340,303
1318,432,444
1318,161,491
1318,160,119
1318,362,29
1318,382,416
1318,438,223
1318,493,191
1318,302,208
1319,46,472
1319,12,93
1319,139,382
1319,161,438
1319,340,145
1319,160,432
1319,362,371
1319,354,385
1320,493,12
1320,46,302
1320,161,139
1320,340,362
1321,160,46
1321,354,493
1321,161,340
1321,160,354
1322,161,160
1323,380,404
1323,237,232
1323,16,210
1323,371,416
1323,284,389
1323,244,438
1323,7,119
1323,277,336
1324,23,208
1324,444,446
1324,134,276
1324,421,93
1324,88,46
1324,491,319
1324,287,206
1324,207,447
1324,354,473
1324,227,145
1324,376,213
1324,63,139
1324,161,358
1324,223,277
1325,365,472
1325,322,160
1325,216,362
1325,134,385
1325,376,16
1325,191,284
1325,244,88
1325,491,7
1325,340,227
1325,371,63
1325,287,354
1325,365,23
1325,380,302
1325,432,421
1325,216,322
1325,237,161
1326,382,207
1326,444,29
1326,244,191
1326,380,371
1326,491,223
1326,216,432
1326,134,287
1326,444,237
1327,340,365
1327,382,376
1327,216,380
1327,244,444
1327,382,491
1328,134,340
1328,244,216
1328,134,382
1329,134,244
1329,42,419
1329,389,234
1329,274,356
1329,100,488
1329,396,466
1329,390,392
1329,126,228
1330,437,435
1330,255,362
1330,88,485
1330,416,320
1330,93,481
1330,447,404
1330,491,412
1330,342,183
1330,67,155
1330,213,174
1330,410,206
1330,7,101
1330,227,497
1330,467,260
1330,59,95
1330,418,125
1330,210,291
1330,277,108
1330,336,345
1330,64,203
1330,337,428
1330,330,384
1330,275,281
1331,232,104
1331,387,409
1331,389,416
1331,93,437
1331,213,42
1331,336,100
1332,255,88
1332,67,7
1332,342,232
1332,387,410
1332,491,447
1332,274,59
1332,337,277
1332,390,396
1332,210,126
1332,227,418
1332,275,330
1333,389,67
1333,93,491
1333,387,255
1333,342,213
1333,467,64
1333,337,274
1333,390,467
1333,227,275
1334,389,93
1334,387,342
1334,210,336
1334,210,337
1335,387,389
1335,390,227
1335,210,390
1337,320,253
1337,134,369
1337,237,454
1337,371,483
1337,385,274
1337,207,345
1337,12,435
1337,270,497
1337,414,161
1337,139,198
1337,488,453
1337,132,336
1337,160,221
1337,145,59
1337,100,210
1337,467,337
1337,216,481
1337,191,67
1337,373,447
1337,275,126
1337,378,390
1337,491,438
1337,444,301
1337,376,377
1337,232,92
1337,223,94
1338,392,356
1338,234,22
1338,472,228
1338,387,43
1338,242,416
1338,119,108
1338,88,410
1338,208,277
1338,302,437
1338,382,167
1338,354,255
1338,340,151
1338,129,466
1338,493,322
1338,63,312
1338,432,330
1338,421,291
1338,244,13
1338,206,342
1338,358,257
1338,70,380
1338,389,90
1338,29,448
1338,46,346
1338,101,68
1338,452,473
1338,484,125
1338,276,155
1338,42,287
1338,362,16
1338,69,203
1338,227,404
1339,311,213
1339,412,446
1339,93,365
1339,23,233
1339,91,319
1339,7,419
1339,376,242
1339,191,270
1339,467,385
1339,371,320
1339,491,392
1339,216,145
1339,275,414
1339,237,488
1339,132,100
1339,139,378
1339,134,207
1340,444,373
1340,472,223
1340,234,232
1340,387,119
1340,12,160
1340,46,88
1340,101,7
1340,23,227
1340,340,389
1340,432,421
1340,311,362
1340,276,29
1340,244,206
1340,493,358
1340,484,42
1340,93,412
1340,302,129
1340,382,208
1340,354,63
1341,91,69
1341,70,452
1341,191,376
1341,237,132
1341,491,275
1341,139,216
1341,371,467
1341,387,234
1342,444,472
1342,134,12
1342,244,302
1342,340,484
1342,23,276
1342,354,46
1343,432,101
1343,311,493
1343,382,70
1343,91,93
1343,134,371
1343,139,491
1344,444,387
1344,191,237
1344,340,244
1344,432,311
1344,354,23
1345,382,91
1345,191,444
1346,134,139
1346,382,354
1347,432,340
1348,191,134
1348,432,382
1349,432,191
1351,212,403
1351,61,498
1351,176,122
1351,275,53
1351,129,254
1351,439,332
1351,464,471
1351,345,200
1351,7,227
1351,358,257
1351,160,437
1351,365,481
1352,431,168
1352,136,372
1352,356,314
1352,398,331
1352,274,368
1352,492,442
1352,155,443
1352,255,450
1352,54,444
1352,337,454
1352,448,378
1352,72,234
1352,380,410
1352,277,100
1352,127,270
1352,330,475
1352,69,273
1352,203,93
1352,497,487
1353,176,464
1353,129,345
1353,61,439
1353,275,212
1353,412,447
1353,448,7
1353,380,277
1353,54,497
1353,160,69
1354,431,136
1354,255,398
1354,356,274
1354,155,492
1354,337,358
1354,412,72
1354,127,365
1354,330,203
1355,356,61
1355,129,155
1355,255,275
1355,431,176
1355,54,160
1355,380,448
1355,127,337
1356,129,356
1356,255,431
1356,412,330
1356,380,54
1356,412,127
1357,129,255
1357,412,380
1358,428,75
1358,162,26
1358,495,194
1358,51,180
1358,287,464
1358,466,343
1358,257,372
1358,493,109
1358,276,383
1358,331,482
1359,368,188
1359,275,122
1359,294,333
1359,200,332
1359,136,403
1359,7,303
1359,322,199
1359,274,61
1359,92,213
1359,491,181
1359,354,407
1359,160,306
1359,319,390
1360,53,155
1360,255,168
1360,471,129
1360,365,450
1360,495,368
1360,274,51
1360,7,162
1360,200,275
1360,387,380
1360,302,331
1360,491,134
1360,493,29
1360,257,287
1361,428,53
1361,255,294
1361,365,471
1361,322,136
1361,276,354
1361,387,466
1361,237,92
1361,160,319
1362,7,428
1362,274,495
1362,365,255
1362,322,200
1362,491,276
1362,237,160
1362,387,302
1362,493,257
1363,7,274
1363,322,365
1363,387,491
1363,493,237
1364,7,322
1364,387,493
1365,421,126
1365,54,349
1365,392,196
1365,385,31
1365,101,116
1365,301,357
1365,62,94
1365,227,342
1365,312,337
1365,232,444
1365,46,269
1365,151,216
1366,132,13
1366,462,497
1366,488,68
1366,377,451
1366,90,336
1366,228,108
1366,42,445
1366,330,311
1366,404,59
1366,329,250
1366,416,447
1366,438,410
1366,277,52
1366,58,376
1366,253,257
1366,160,466
1366,454,313
1366,223,467
1367,488,132
1367,404,462
1367,228,421
1367,54,392
1367,101,416
1367,385,377
1367,330,90
1367,42,329
1367,491,242
1367,208,322
1367,46,62
1367,301,151
1367,160,312
1367,232,227
1368,404,101
1368,228,330
1368,385,488
1368,54,42
1368,58,438
1368,454,491
1368,208,253
1368,223,277
1369,46,454
1369,232,160
1369,223,58
1369,208,301
1370,385,228
1370,404,54
1370,404,385
1370,232,46
1370,223,208
1371,232,223
1372,331,495
1372,412,332
1372,420,255
1372,257,221
1372,287,94
1372,93,349
1372,444,491
1372,7,23
1372,380,216
1372,244,342
1372,277,438
1373,373,378
1373,100,336
1373,358,14
1373,337,435
1373,450,369
1373,276,129
1373,497,39
1373,126,271
1373,191,253
1373,237,155
1373,284,53
1373,389,322
1373,210,365
1373,334,354
1373,46,61
1374,257,412
1374,337,420
1374,93,100
1374,287,331
1374,232,376
1374,301,160
1374,432,444
1374,244,29
1374,380,389
1375,497,358
1375,237,126
1375,450,276
1375,191,373
1375,334,385
1375,284,301
1375,232,46
1375,277,223
1375,7,210
1376,93,497
1376,237,337
1376,257,191
1376,287,450
1376,232,334
1376,432,284
1376,380,244
1376,7,277
1377,93,237
1377,287,257
1377,232,380
1377,432,7
1378,287,93
1378,232,432
1379,58,155
1379,53,487
1379,481,224
1379,59,22
1379,311,54
1379,330,227
1379,216,343
1379,84,372
1379,447,320
1379,453,213
1380,358,253
1380,369,99
1380,336,35
1380,100,108
1380,151,337
1380,467,94
1380,206,61
1380,378,435
1380,91,134
1380,12,387
1380,454,385
1380,354,110
1380,421,438
1380,210,119
1381,466,255
1381,132,68
1381,59,100
1381,330,481
1381,311,369
1381,493,302
1381,139,297
1381,454,354
1382,358,151
1382,336,132
1382,206,58
1382,467,378
1382,53,466
1382,91,447
1382,340,453
1382,432,493
1382,139,12
1383,358,59
1383,330,311
1383,53,206
1383,467,336
1383,216,210
1383,382,421
1383,29,84
1383,454,382
1383,340,216
1384,53,358
1384,330,467
1384,432,139
1384,91,29
1384,432,340
1385,53,330
1385,454,91
1386,432,454
1386,495,93
1386,387,208
1386,23,22
1386,275,253
1386,12,438
1386,227,389
1386,287,303
1386,320,7
1386,244,342
1387,46,119
1387,421,129
1387,444,92
1387,126,362
1387,322,101
1387,90,358
1387,412,160
1387,91,110
1387,216,255
1387,63,277
1387,207,232
1387,454,349
1387,61,102
1387,447,176
1387,380,354
1387,12,244
1388,385,227
1388,210,495
1388,134,275
1388,91,126
1388,322,61
1388,387,382
1388,447,412
1388,207,287
1388,139,90
1388,237,454
1388,340,380
1389,63,320
1389,421,46
1389,216,444
1389,23,29
1389,139,447
1389,340,12
1389,237,322
1389,63,387
1389,23,216
1389,421,134
1390,385,91
1390,207,210
1390,23,139
1390,340,421
1391,385,237
1391,63,207
1391,340,23
1392,385,63
1393,340,385
1400,385,340
1401,382,191
1401,432,210
1402,134,139
1402,191,340
1403,385,382
1403,432,134
1404,210,139
1404,382,340
1405,385,191
1405,134,210
1406,432,139
1406,134,385
1407,382,432
1408,134,382
